"Id","Speed","TravelTime","Status","DataAsOf","linkId"
"261","42.25","101","0","4/23/2019 22:12:14","4616226"
"213","37.28","63","0","4/23/2019 12:33:04","4456450"
"405","52.81","51","0","4/27/2019 23:38:06","4362314"
"380","32.31","71","0","4/8/2019 17:03:03","4763648"
"411","51.57","90","0","4/11/2019 03:43:04","4763652"
"406","21.12","323","0","4/29/2019 14:03:03","4456506"
"149","8.69","786","0","4/17/2019 11:03:16","4616339"
"257","12.42","979","0","4/14/2019 16:19:15","4616318"
"298","38.52","65","0","4/26/2019 06:23:03","4456498"
"398","19.88","373","0","4/26/2019 16:33:05","4456481"
"350","0.00","0","-","4/16/2019 13:43:14","4616196"
"141","39.14","184","0","4/20/2019 04:53:05","4456478"
"383","0.00","0","-","4/1/2019 11:28:12","4616217"
"150","0.00","0","-","4/21/2019 02:34:11","4616340"
"448","36.03","546","0","4/2/2019 11:52:03","4620343"
"124","34.79","186","0","4/25/2019 15:33:03","4456501"
"110","57.16","135","0","4/4/2019 05:18:04","4616281"
"315","27.34","183","0","4/11/2019 09:28:13","4616364"
"354","47.22","172","0","4/10/2019 18:48:04","4616228"
"186","0.00","0","-","4/27/2019 04:53:03","4620315"
"212","54.05","201","0","4/21/2019 02:34:06","4362244"
"110","50.33","152","0","4/3/2019 17:03:03","4616281"
"159","43.49","126","0","4/18/2019 14:44:04","4616252"
"222","33.55","202","0","4/25/2019 08:53:04","4616332"
"191","0.00","0","-","4/14/2019 18:53:09","4620331"
"331","50.33","155","0","4/29/2019 21:35:05","4616353"
"390","39.14","101","0","4/25/2019 16:13:15","4616209"
"439","49.08","58","0","4/5/2019 22:04:05","4616200"
"347","8.69","803","0","4/11/2019 12:58:04","4456477"
"416","49.08","94","0","4/18/2019 05:23:05","4763651"
"126","52.81","141","0","4/27/2019 11:32:04","4616247"
"413","44.11","48","0","4/26/2019 10:44:04","4616219"
"398","41.63","179","0","4/10/2019 05:43:05","4456481"
"199","52.81","208","0","4/26/2019 23:28:04","4616351"
"436","0.00","0","-","4/25/2019 05:13:14","4616202"
"167","44.11","145","0","4/12/2019 22:38:04","4616312"
"395","25.47","320","0","4/6/2019 21:51:06","4456476"
"384","62.13","112","0","4/24/2019 09:08:04","4616199"
"207","52.19","145","0","4/10/2019 12:03:04","4616352"
"394","49.70","146","0","4/17/2019 23:13:05","4616225"
"344","17.39","250","0","4/5/2019 22:43:08","4620330"
"217","37.90","267","0","4/11/2019 11:49:04","4616328"
"369","0.00","0","-","4/25/2019 02:08:12","4616282"
"387","47.22","125","0","4/19/2019 11:08:04","4616206"
"440","0.00","0","-","4/16/2019 12:03:09","4329483"
"350","0.00","0","-","4/10/2019 17:39:13","4616196"
"385","11.80","117","0","4/21/2019 12:44:03","4616208"
"213","37.28","63","0","4/3/2019 03:03:05","4456450"
"413","49.08","43","0","4/6/2019 07:08:04","4616219"
"202","53.43","41","0","4/8/2019 18:48:05","4456483"
"390","57.78","67","0","4/19/2019 19:08:04","4616209"
"388","54.68","52","0","4/8/2019 13:14:04","4616211"
"191","0.00","0","-","4/1/2019 14:48:09","4620331"
"453","26.71","207","0","4/4/2019 13:58:13","4616239"
"124","14.91","434","0","4/30/2019 17:38:03","4456501"
"422","37.90","234","0","4/15/2019 18:03:13","4616298"
"318","0.00","0","-","4/3/2019 23:49:06","4362249"
"385","47.84","29","0","4/29/2019 13:48:03","4616208"
"167","3.10","2015","0","4/16/2019 13:08:13","4616312"
"129","59.65","78","0","4/30/2019 13:43:03","4616246"
"178","50.33","164","0","4/6/2019 23:07:04","4616297"
"145","26.71","97","0","4/23/2019 07:33:04","4616342"
"140","26.09","116","0","4/4/2019 19:23:04","4456479"
"453","44.73","124","0","4/21/2019 03:08:12","4616239"
"345","29.20","148","0","4/25/2019 04:23:03","4620314"
"324","40.38","137","0","4/20/2019 23:49:03","4329473"
"222","34.79","197","0","4/25/2019 20:13:04","4616332"
"265","52.19","142","0","4/2/2019 21:46:03","4620298"
"440","54.68","140","0","4/7/2019 03:08:03","4329483"
"167","51.57","125","0","4/7/2019 09:38:04","4616312"
"418","44.11","48","0","4/5/2019 07:14:03","4616205"
"437","9.94","631","0","4/24/2019 14:03:15","4616203"
"423","39.14","136","0","4/16/2019 07:23:13","4616299"
"354","48.46","167","0","4/12/2019 21:55:04","4616228"
"137","0.00","0","-","4/8/2019 13:19:13","4616260"
"110","53.43","144","0","4/16/2019 16:53:04","4616281"
"153","0.00","0","-","4/4/2019 19:43:12","4616235"
"2","9.32","339","0","4/15/2019 00:19:11","4616325"
"439","53.43","53","0","4/17/2019 12:54:04","4616200"
"217","49.08","207","0","4/22/2019 03:08:03","4616328"
"223","26.71","99","0","4/30/2019 21:57:05","4616341"
"119","34.17","189","0","4/17/2019 14:34:03","4456502"
"436","14.29","360","-","4/24/2019 12:58:14","4616202"
"298","42.25","59","0","4/15/2019 19:03:04","4456498"
"437","52.81","119","0","4/4/2019 21:06:05","4616203"
"157","0.00","0","-","4/27/2017 14:07:03","4616271"
"315","27.34","182","0","4/12/2019 23:44:12","4616364"
"445","14.91","376","0","4/25/2019 14:13:03","4456494"
"205","29.20","545","0","4/21/2019 13:19:05","4362247"
"169","52.81","174","0","4/16/2019 09:59:04","4616355"
"354","60.27","135","0","4/22/2019 23:18:04","4616228"
"349","0.00","0","-","4/2/2019 12:58:09","4329499"
"437","56.54","110","0","4/10/2019 15:14:04","4616203"
"170","0.00","0","-","4/12/2019 09:18:14","4616356"
"155","0.00","0","-","4/12/2019 08:23:13","4616232"
"140","33.55","90","0","4/26/2019 20:38:05","4456479"
"208","59.65","184","0","4/22/2019 07:23:04","4616350"
"2","4.34","758","0","4/24/2019 00:43:11","4616325"
"369","0.00","0","-","4/24/2019 05:43:14","4616282"
"380","44.11","52","0","4/10/2019 03:13:03","4763648"
"258","11.80","352","0","4/30/2019 10:18:13","4616220"
"204","27.96","409","0","4/4/2019 23:38:11","4616320"
"165","41.01","61","0","4/20/2019 03:29:04","4616305"
"440","49.70","153","0","4/10/2019 15:28:04","4329483"
"169","50.33","183","0","4/19/2019 08:33:04","4616355"
"406","20.50","331","0","4/16/2019 12:53:03","4456506"
"119","41.63","156","-","4/21/2019 06:53:03","4456502"
"354","67.72","120","-","4/7/2019 06:43:04","4616228"
"262","26.71","470","0","4/29/2019 13:23:12","4616319"
"382","0.00","0","-","4/29/2019 18:28:14","4616216"
"190","41.63","103","0","4/19/2019 08:43:03","4620332"
"388","51.57","55","0","4/7/2019 15:13:03","4616211"
"433","53.43","140","0","4/7/2019 18:03:04","4616215"
"140","12.42","244","0","4/14/2019 02:24:05","4456479"
"212","52.81","206","0","4/22/2019 01:43:06","4362244"
"423","39.14","137","0","4/30/2019 09:58:13","4616299"
"264","47.84","44","0","4/28/2019 14:49:03","4763655"
"451","21.74","290","0","4/4/2019 09:08:03","4456500"
"411","50.33","92","0","4/8/2019 23:28:04","4763652"
"168","36.03","128","0","4/22/2019 19:58:04","4456496"
"160","53.43","103","0","4/29/2019 03:33:04","4616266"
"445","6.21","891","0","4/18/2019 11:49:04","4456494"
"395","25.47","315","0","4/17/2019 17:03:04","4456476"
"424","49.08","108","0","4/6/2019 03:23:11","4616300"
"311","56.54","88","0","4/25/2019 01:04:06","4362342"
"354","60.89","134","0","4/20/2019 17:13:11","4616228"
"344","10.56","421","0","4/10/2019 11:38:03","4620330"
"264","44.73","47","0","4/21/2019 22:17:04","4763655"
"169","50.33","182","0","4/25/2019 22:28:04","4616355"
"264","47.84","44","0","4/9/2019 06:58:03","4763655"
"425","47.84","224","0","4/19/2019 04:03:03","4616276"
"387","8.69","639","0","4/22/2019 17:43:04","4616206"
"223","28.58","92","0","4/14/2019 14:49:04","4616341"
"329","5.59","907","0","4/23/2019 07:43:09","4329508"
"332","50.95","181","0","4/12/2019 16:38:04","4616354"
"330","34.79","142","0","4/21/2019 00:54:04","4329507"
"263","47.84","44","0","4/4/2019 00:34:04","4763657"
"223","35.41","75","0","4/19/2019 04:13:04","4616341"
"169","57.16","161","0","4/14/2019 08:34:04","4616355"
"149","52.19","137","0","4/25/2019 04:18:14","4616339"
"190","47.22","91","0","4/22/2019 22:08:03","4620332"
"354","60.89","134","0","4/17/2019 03:03:04","4616228"
"387","25.47","232","0","4/1/2019 16:04:04","4616206"
"349","0.00","0","-","4/27/2019 07:48:09","4329499"
"441","58.40","134","0","4/3/2019 18:43:04","4616201"
"178","50.33","165","0","4/1/2019 15:53:03","4616297"
"338","43.49","117","0","4/5/2019 22:14:05","4616255"
"171","24.23","500","0","4/15/2019 20:03:04","4616357"
"375","49.70","132","0","4/9/2019 17:23:04","4616193"
"191","0.00","0","-","4/8/2019 14:33:09","4620331"
"430","59.03","133","0","4/19/2019 20:03:03","4616213"
"318","0.00","0","-","4/28/2019 06:03:05","4362249"
"148","0.00","0","-","4/27/2017 14:07:03","4616257"
"375","47.84","138","0","4/26/2019 06:24:05","4616193"
"426","47.84","143","0","4/29/2019 10:07:04","4616272"
"129","55.30","83","0","4/15/2019 00:59:12","4616246"
"451","49.70","130","0","4/9/2019 23:59:03","4456500"
"126","21.74","342","0","4/8/2019 16:53:12","4616247"
"430","58.40","135","0","4/11/2019 16:58:04","4616213"
"423","50.33","106","0","4/18/2019 01:04:10","4616299"
"212","49.70","219","0","4/24/2019 16:08:03","4362244"
"428","46.60","115","0","4/20/2019 02:13:11","4616241"
"380","45.36","51","0","4/8/2019 01:09:03","4763648"
"165","44.73","56","0","4/13/2019 09:48:04","4616305"
"311","37.90","132","0","4/18/2019 22:49:06","4362342"
"106","9.94","220","0","4/4/2019 15:28:12","4616323"
"150","0.00","0","-","4/16/2019 13:13:13","4616340"
"431","41.01","122","0","4/11/2019 09:19:04","4616214"
"186","3.72","2093","-","4/29/2019 11:02:03","4620315"
"422","41.01","216","0","4/3/2019 08:28:13","4616298"
"385","53.43","26","0","4/14/2019 23:44:04","4616208"
"349","0.00","0","-","4/2/2019 07:13:09","4329499"
"431","55.92","89","0","4/9/2019 00:33:05","4616214"
"448","52.81","376","0","4/3/2019 06:23:03","4620343"
"330","31.68","158","0","4/4/2019 10:53:04","4329507"
"431","60.27","83","0","4/19/2019 04:03:03","4616214"
"298","44.11","56","0","4/25/2019 04:48:03","4456498"
"261","37.90","112","0","4/4/2019 22:57:12","4616226"
"384","56.54","123","0","4/26/2019 02:43:12","4616199"
"178","50.33","164","0","4/4/2019 23:29:04","4616297"
"395","13.04","624","0","4/18/2019 23:09:05","4456476"
"155","0.00","0","-","4/2/2019 19:13:11","4616232"
"417","55.30","84","0","4/22/2019 06:13:03","4763649"
"377","51.57","76","0","4/18/2019 07:24:04","4616195"
"387","62.75","93","0","4/21/2019 07:28:03","4616206"
"439","50.33","57","0","4/30/2019 14:23:04","4616200"
"145","14.91","170","0","4/12/2019 16:43:03","4616342"
"388","49.70","57","0","4/24/2019 10:43:03","4616211"
"325","16.77","327","0","4/12/2019 19:13:04","4329472"
"149","11.18","624","0","4/13/2019 18:38:12","4616339"
"177","45.98","93","0","4/6/2019 10:28:12","4616309"
"394","14.29","506","0","4/12/2019 17:28:05","4616225"
"186","0.00","0","-","4/24/2019 18:23:03","4620315"
"325","12.42","429","0","4/25/2019 15:18:03","4329472"
"332","47.84","191","0","4/15/2019 16:33:04","4616354"
"171","21.74","561","0","4/20/2019 10:34:11","4616357"
"347","15.53","461","0","4/25/2019 17:28:05","4456477"
"419","36.66","58","0","4/5/2019 20:29:05","4616204"
"431","57.16","87","0","4/10/2019 12:39:04","4616214"
"440","54.05","141","0","4/19/2019 05:43:03","4329483"
"318","0.00","0","-","4/22/2019 19:28:06","4362249"
"445","14.29","392","0","4/5/2019 20:38:05","4456494"
"190","11.18","378","0","4/30/2019 16:33:03","4620332"
"329","3.72","1494","0","4/23/2019 11:32:09","4329508"
"126","21.74","342","0","4/12/2019 14:28:13","4616247"
"398","14.29","508","0","4/28/2019 20:18:06","4456481"
"106","27.34","83","0","4/8/2019 16:23:12","4616323"
"417","50.33","92","0","4/20/2019 06:59:03","4763649"
"212","38.52","282","0","4/17/2019 10:53:06","4362244"
"387","55.92","105","0","4/1/2019 08:33:04","4616206"
"364","33.55","158","0","4/24/2019 01:53:03","4456511"
"417","40.38","115","0","4/24/2019 14:58:02","4763649"
"433","52.19","143","0","4/1/2019 20:23:05","4616215"
"185","51.57","49","0","4/4/2019 19:38:05","4616267"
"431","54.68","91","0","4/11/2019 10:29:04","4616214"
"150","0.00","0","-","4/8/2019 08:23:12","4616340"
"430","58.40","134","0","4/3/2019 23:04:04","4616213"
"378","55.30","48","0","4/9/2019 12:33:04","4616197"
"315","50.33","98","0","4/29/2019 02:48:11","4616364"
"434","60.89","52","0","4/8/2019 02:59:05","4616212"
"316","0.00","0","-","4/11/2017 15:17:02","4456516"
"155","0.00","0","-","4/10/2019 14:54:13","4616232"
"434","65.24","49","0","4/19/2019 09:18:03","4616212"
"145","30.44","85","0","4/14/2019 10:24:04","4616342"
"258","16.15","259","0","4/13/2019 18:38:12","4616220"
"419","41.63","51","0","4/19/2019 02:38:05","4616204"
"311","52.81","94","0","4/15/2019 05:17:06","4362342"
"199","51.57","213","0","4/8/2019 18:53:04","4616351"
"369","0.00","0","-","4/7/2019 16:53:13","4616282"
"259","17.39","233","0","4/17/2019 18:08:13","4616223"
"416","55.92","83","0","4/25/2019 02:04:03","4763651"
"185","14.29","174","0","4/16/2019 10:24:04","4616267"
"410","50.33","92","0","4/27/2019 08:38:05","4763656"
"190","36.66","117","0","4/30/2019 04:23:03","4620332"
"168","47.22","98","0","4/20/2019 16:08:04","4456496"
"258","26.09","165","0","4/27/2019 18:03:13","4616220"
"426","32.93","208","0","4/12/2019 13:38:04","4616272"
"212","49.08","221","0","4/23/2019 20:28:03","4362244"
"140","2.48","1035","0","4/22/2019 01:33:05","4456479"
"195","49.08","169","0","4/21/2019 02:24:04","4620310"
"124","14.29","452","0","4/18/2019 17:44:03","4456501"
"295","1.86","1865","0","4/12/2019 19:28:04","4616250"
"419","49.08","43","0","4/28/2019 19:48:12","4616204"
"439","54.05","52","0","4/3/2019 09:18:04","4616200"
"185","56.54","44","0","4/25/2019 23:34:04","4616267"
"263","42.87","49","0","4/4/2019 09:18:05","4763657"
"344","38.52","116","0","4/30/2019 22:49:08","4620330"
"311","18.01","272","0","4/25/2019 19:23:07","4362342"
"264","45.36","47","0","4/27/2019 06:58:03","4763655"
"351","0.00","0","-","4/9/2019 11:43:12","4616210"
"381","55.92","28","0","4/21/2019 03:04:05","4616194"
"423","31.68","169","0","4/12/2019 12:23:13","4616299"
"441","0.00","0","-","4/24/2019 14:23:15","4616201"
"364","35.41","151","0","4/14/2019 08:39:03","4456511"
"206","36.03","324","0","4/26/2019 12:13:06","4362252"
"319","22.36","428","0","4/25/2019 18:23:04","4362251"
"427","33.55","266","0","4/6/2019 13:08:13","4616259"
"394","40.38","179","0","4/28/2019 13:43:04","4616225"
"406","36.66","185","0","4/17/2019 14:44:03","4456506"
"160","52.19","106","0","4/24/2019 03:23:04","4616266"
"347","29.20","246","0","4/20/2019 13:53:05","4456477"
"381","55.30","29","0","4/9/2019 23:23:04","4616194"
"177","10.56","391","0","4/11/2019 14:53:13","4616309"
"439","52.81","54","0","4/17/2019 07:43:04","4616200"
"382","0.00","0","-","4/14/2019 10:29:12","4616216"
"390","44.11","89","0","4/25/2019 14:48:14","4616209"
"4","0.00","0","-","4/20/2019 02:43:11","4616338"
"406","56.54","121","-","4/22/2019 02:55:03","4456506"
"450","41.01","479","0","4/18/2019 13:19:04","4616346"
"425","20.50","524","0","4/23/2019 14:53:03","4616276"
"329","33.55","165","0","4/6/2019 14:33:03","4329508"
"202","49.08","44","0","4/16/2019 14:23:04","4456483"
"311","36.66","135","0","4/14/2019 16:13:07","4362342"
"185","3.10","743","0","4/18/2019 14:39:04","4616267"
"384","60.89","115","0","4/29/2019 13:08:03","4616199"
"261","31.06","136","0","4/24/2019 14:08:14","4616226"
"165","42.25","59","-","4/22/2019 07:03:04","4616305"
"159","0.00","0","-","4/8/2019 22:52:04","4616252"
"412","46.60","45","0","4/19/2019 08:53:04","4616218"
"349","0.00","0","-","4/11/2019 19:58:11","4329499"
"390","65.86","60","0","4/15/2019 00:09:05","4616209"
"390","51.57","76","0","4/28/2019 11:29:04","4616209"
"349","0.00","0","-","4/14/2019 18:38:09","4329499"
"379","41.63","56","0","4/21/2019 16:13:03","4763650"
"205","49.08","328","0","4/29/2019 08:38:06","4362247"
"382","0.00","0","-","4/26/2019 13:18:12","4616216"
"351","0.00","0","-","4/17/2019 08:23:14","4616210"
"431","54.05","92","0","4/9/2019 15:38:04","4616214"
"351","0.00","0","-","4/2/2019 05:23:12","4616210"
"222","33.55","204","0","4/15/2019 17:23:04","4616332"
"349","0.00","0","-","4/16/2019 11:18:08","4329499"
"212","49.70","220","0","4/27/2019 00:23:03","4362244"
"417","49.08","94","0","4/15/2019 21:41:03","4763649"
"190","0.00","0","-","4/15/2019 01:04:08","4620332"
"417","45.36","102","0","4/16/2019 12:13:03","4763649"
"191","36.03","118","0","4/29/2019 10:02:04","4620331"
"453","39.14","140","0","4/28/2019 20:28:13","4616239"
"223","17.39","149","0","4/5/2019 14:34:03","4616341"
"155","0.00","0","-","4/2/2019 17:13:13","4616232"
"316","0.00","0","-","4/11/2017 15:17:02","4456516"
"217","41.63","245","0","4/3/2019 19:23:04","4616328"
"208","60.27","181","0","4/6/2019 06:48:04","4616350"
"319","41.01","234","0","4/8/2019 02:14:06","4362251"
"222","38.52","178","0","4/3/2019 21:45:13","4616332"
"377","49.08","80","0","4/27/2019 08:18:03","4616195"
"411","43.49","106","0","4/27/2019 07:43:04","4763652"
"324","1.86","2508","0","4/9/2019 21:41:09","4329473"
"190","0.00","0","-","4/9/2019 22:23:09","4620332"
"354","59.65","137","0","4/8/2019 14:23:04","4616228"
"405","28.58","93","0","4/2/2019 14:28:07","4362314"
"347","7.45","900","0","4/17/2019 16:38:05","4456477"
"349","0.00","0","-","4/20/2019 01:48:08","4329499"
"157","0.00","0","-","4/27/2017 14:07:03","4616271"
"160","0.00","0","-","4/1/2019 14:44:04","4616266"
"262","53.43","235","0","4/13/2019 04:48:11","4616319"
"257","10.56","1148","0","4/6/2019 11:18:12","4616318"
"410","56.54","81","0","4/22/2019 02:13:03","4763656"
"205","53.43","299","0","4/10/2019 15:03:06","4362247"
"150","0.00","0","-","4/6/2019 18:48:12","4616340"
"184","49.08","52","0","4/24/2019 15:48:04","4616253"
"427","31.68","281","0","4/1/2019 10:53:12","4616259"
"383","0.00","0","-","4/18/2019 16:39:14","4616217"
"298","47.22","53","-","4/21/2019 06:18:03","4456498"
"140","16.15","183","0","4/28/2019 01:43:04","4456479"
"258","18.01","233","0","4/13/2019 12:49:13","4616220"
"388","56.54","50","0","4/18/2019 22:34:04","4616211"
"423","36.66","145","0","4/8/2019 11:13:12","4616299"
"142","29.20","252","0","4/3/2019 12:38:13","4616261"
"129","62.13","74","0","4/24/2019 05:48:04","4616246"
"369","0.00","0","-","4/21/2019 23:53:12","4616282"
"412","47.22","45","0","4/16/2019 14:23:04","4616218"
"171","8.69","1328","0","4/22/2019 14:48:03","4616357"
"223","9.32","285","0","4/23/2019 18:38:04","4616341"
"417","53.43","87","0","4/24/2019 05:18:04","4763649"
"157","0.00","0","-","4/27/2017 14:07:03","4616271"
"3","16.15","392","0","4/19/2019 11:03:04","4616324"
"434","55.92","57","0","4/26/2019 03:33:13","4616212"
"153","0.00","0","-","4/17/2019 18:48:13","4616235"
"439","50.33","57","0","4/15/2019 04:09:04","4616200"
"265","33.55","220","0","4/19/2019 21:40:04","4620298"
"159","34.17","160","0","4/1/2019 11:33:12","4616252"
"311","50.95","97","0","4/8/2019 09:08:07","4362342"
"119","39.14","165","-","4/28/2019 04:59:03","4456502"
"351","0.00","0","-","4/10/2019 16:39:12","4616210"
"217","27.34","374","0","4/16/2019 10:54:04","4616328"
"419","44.11","48","0","4/21/2019 03:48:04","4616204"
"155","0.00","0","-","4/1/2019 19:08:13","4616232"
"257","21.12","588","0","4/7/2019 00:13:10","4616318"
"212","59.03","186","0","4/13/2019 21:48:06","4362244"
"259","14.91","269","0","4/9/2019 16:33:14","4616223"
"349","0.00","0","-","4/25/2019 12:18:09","4329499"
"202","42.87","51","0","4/16/2019 11:33:04","4456483"
"376","57.16","97","0","4/28/2019 02:44:04","4616192"
"354","0.00","0","-","4/18/2019 20:24:04","4616228"
"431","57.16","87","0","4/11/2019 14:14:04","4616214"
"387","53.43","110","0","4/17/2019 10:38:04","4616206"
"375","54.05","122","0","4/22/2019 20:43:04","4616193"
"375","56.54","117","0","4/20/2019 03:14:03","4616193"
"383","0.00","0","-","4/16/2019 09:48:15","4616217"
"332","54.68","168","0","4/6/2019 02:23:04","4616354"
"395","15.53","518","0","4/9/2019 02:18:04","4456476"
"137","55.92","80","0","4/23/2019 23:02:05","4616260"
"140","4.34","622","-","4/26/2019 02:08:05","4456479"
"145","27.34","94","0","4/14/2019 14:54:04","4616342"
"412","45.98","46","0","4/28/2019 09:49:04","4616218"
"177","43.49","99","0","4/19/2019 06:43:04","4616309"
"149","14.91","476","0","4/26/2019 08:23:17","4616339"
"423","43.49","122","0","4/16/2019 20:33:14","4616299"
"155","0.00","0","-","4/2/2019 17:03:12","4616232"
"413","42.87","49","0","4/29/2019 18:32:04","4616219"
"106","21.74","103","0","4/8/2019 09:43:13","4616323"
"295","1.86","1914","0","4/25/2019 07:18:04","4616250"
"155","0.00","0","-","4/20/2019 13:13:13","4616232"
"171","18.01","667","0","4/23/2019 11:12:04","4616357"
"191","47.84","89","0","4/26/2019 23:58:04","4620331"
"350","0.00","0","-","4/12/2019 02:48:14","4616196"
"2","15.53","209","0","4/1/2019 08:28:12","4616325"
"387","55.92","105","0","4/7/2019 13:23:04","4616206"
"382","0.00","0","-","4/18/2019 22:54:13","4616216"
"354","65.24","124","0","4/20/2019 16:33:12","4616228"
"1","16.15","331","0","4/3/2019 07:13:13","4616337"
"186","0.00","0","-","4/22/2019 01:08:04","4620315"
"168","16.77","274","0","4/5/2019 18:43:03","4456496"
"345","0.00","0","-","4/22/2019 04:32:03","4620314"
"433","54.68","136","0","4/7/2019 10:53:04","4616215"
"427","33.55","264","0","4/26/2019 23:33:12","4616259"
"349","0.00","0","-","4/13/2019 14:53:08","4329499"
"345","12.42","351","0","4/9/2019 10:23:03","4620314"
"424","39.76","134","0","4/19/2019 08:48:13","4616300"
"316","0.00","0","-","4/11/2017 15:17:02","4456516"
"344","11.80","378","0","4/20/2019 11:58:03","4620330"
"222","54.05","127","0","4/22/2019 04:58:10","4616332"
"159","49.70","110","0","4/23/2019 16:38:03","4616252"
"330","21.12","233","0","4/1/2019 17:53:03","4329507"
"265","0.00","0","-","4/23/2019 01:48:03","4620298"
"413","42.87","49","0","4/23/2019 10:02:04","4616219"
"212","47.22","230","0","4/23/2019 13:08:03","4362244"
"1","13.04","409","0","4/22/2019 10:33:12","4616337"
"350","0.00","0","-","4/23/2019 20:08:13","4616196"
"332","48.46","188","0","4/18/2019 12:39:04","4616354"
"170","37.28","101","0","4/6/2019 22:38:12","4616356"
"185","49.08","51","0","4/19/2019 12:24:03","4616267"
"416","52.19","89","0","4/8/2019 21:17:04","4763651"
"212","29.20","372","0","4/18/2019 12:18:06","4362244"
"315","12.42","400","0","4/3/2019 09:08:12","4616364"
"141","42.87","167","0","4/17/2019 05:58:04","4456478"
"441","65.86","119","0","4/6/2019 18:48:04","4616201"
"178","50.33","165","0","4/26/2019 00:09:04","4616297"
"223","6.21","407","0","4/12/2019 16:53:03","4616341"
"344","19.26","227","0","4/2/2019 09:48:03","4620330"
"316","0.00","0","-","4/11/2017 15:17:02","4456516"
"382","0.00","0","-","4/30/2019 22:29:13","4616216"
"150","0.00","0","-","4/10/2019 05:08:12","4616340"
"207","54.05","141","0","4/29/2019 09:18:05","4616352"
"388","57.16","50","0","4/9/2019 21:15:05","4616211"
"160","0.00","0","-","4/6/2019 17:28:04","4616266"
"433","53.43","140","0","4/2/2019 08:48:05","4616215"
"261","34.17","126","0","4/20/2019 18:33:12","4616226"
"427","44.73","200","0","4/30/2019 03:58:12","4616259"
"257","15.53","802","0","4/5/2019 13:13:13","4616318"
"329","7.45","713","-","4/28/2019 05:12:40","4329508"
"206","47.22","250","0","4/26/2019 01:38:07","4362252"
"119","39.14","165","0","4/9/2019 01:11:04","4456502"
"195","41.01","201","0","4/24/2019 01:48:04","4620310"
"380","45.36","51","0","4/2/2019 22:37:04","4763648"
"425","33.55","322","0","4/17/2019 08:38:04","4616276"
"440","50.95","150","0","4/30/2019 02:38:03","4329483"
"206","56.54","209","0","4/16/2019 23:39:06","4362252"
"124","0.00","0","-","4/25/2019 01:29:04","4456501"
"318","0.00","0","-","4/9/2019 05:58:07","4362249"
"213","41.63","56","0","4/29/2019 06:03:05","4456450"
"264","42.87","49","0","4/15/2019 15:34:03","4763655"
"375","54.05","122","0","4/5/2019 11:04:03","4616193"
"171","16.15","751","0","4/3/2019 01:11:04","4616357"
"311","57.78","86","0","4/23/2019 01:13:06","4362342"
"4","0.00","0","-","4/8/2019 19:28:14","4616338"
"382","0.00","0","-","4/27/2019 14:58:12","4616216"
"387","57.16","103","0","4/30/2019 04:53:04","4616206"
"381","49.08","32","0","4/23/2019 21:46:04","4616194"
"217","25.47","402","0","4/4/2019 17:38:04","4616328"
"119","32.93","198","0","4/28/2019 01:24:03","4456502"
"199","52.81","207","0","4/20/2019 19:39:04","4616351"
"419","39.14","54","0","4/22/2019 10:28:03","4616204"
"155","0.00","0","-","4/9/2019 17:23:12","4616232"
"316","0.00","0","-","4/11/2017 15:17:02","4456516"
"410","49.70","93","0","4/26/2019 23:58:05","4763656"
"331","45.36","171","0","4/7/2019 21:07:05","4616353"
"262","23.61","532","0","4/5/2019 20:03:13","4616319"
"184","57.78","44","0","4/23/2019 02:58:04","4616253"
"378","49.70","53","0","4/24/2019 22:19:15","4616197"
"124","0.00","0","-","4/25/2019 03:49:03","4456501"
"349","0.00","0","-","4/14/2019 11:18:08","4329499"
"150","0.00","0","-","4/25/2019 11:52:16","4616340"
"453","44.11","125","0","4/29/2019 23:23:12","4616239"
"345","34.17","127","0","4/19/2019 04:33:04","4620314"
"385","52.81","27","0","4/15/2019 01:09:04","4616208"
"405","54.05","49","0","4/25/2019 10:12:07","4362314"
"439","54.05","52","0","4/7/2019 10:03:04","4616200"
"430","0.00","0","-","4/25/2019 13:13:16","4616213"
"440","47.22","163","0","4/26/2019 19:28:04","4329483"
"416","55.30","84","0","4/30/2019 02:53:04","4763651"
"154","17.39","228","0","4/12/2019 13:33:13","4616229"
"324","18.01","307","0","4/1/2019 07:18:03","4329473"
"426","50.95","134","0","4/13/2019 03:38:04","4616272"
"329","32.93","166","0","4/8/2019 23:43:08","4329508"
"405","57.78","46","0","4/16/2019 02:38:05","4362314"
"423","42.87","125","0","4/11/2019 11:53:12","4616299"
"329","0.00","0","-","4/7/2019 05:43:03","4329508"
"295","1.86","2033","0","4/15/2019 06:53:04","4616250"
"450","44.11","448","0","4/16/2019 15:48:03","4616346"
"106","21.74","103","0","4/24/2019 07:38:04","4616323"
"387","54.68","108","0","4/27/2019 14:48:03","4616206"
"349","0.00","0","-","4/22/2019 09:18:09","4329499"
"383","0.00","0","-","4/30/2019 20:33:13","4616217"
"141","38.52","186","0","4/8/2019 15:38:04","4456478"
"126","51.57","144","0","4/20/2019 00:53:04","4616247"
"406","55.30","124","0","4/21/2019 01:49:03","4456506"
"119","21.74","292","0","4/8/2019 18:43:03","4456502"
"416","52.81","88","0","4/9/2019 03:13:03","4763651"
"186","3.72","1947","-","4/16/2019 20:58:04","4620315"
"190","0.00","0","-","4/15/2019 22:17:09","4620332"
"148","0.00","0","-","4/27/2017 14:07:03","4616257"
"445","0.00","0","-","4/28/2019 05:18:29","4456494"
"213","37.90","63","0","4/28/2019 19:48:05","4456450"
"351","0.00","0","-","4/15/2019 05:13:13","4616210"
"177","57.16","74","0","4/10/2019 02:23:12","4616309"
"164","28.58","161","0","4/19/2019 13:34:04","4456497"
"185","18.64","135","0","4/8/2019 09:38:04","4616267"
"217","50.33","204","0","4/16/2019 01:08:04","4616328"
"410","51.57","90","0","4/5/2019 13:23:03","4763656"
"427","49.70","180","0","4/11/2019 05:38:13","4616259"
"332","55.30","166","0","4/24/2019 01:48:04","4616354"
"378","52.81","50","0","4/10/2019 11:33:04","4616197"
"365","25.47","208","0","4/9/2019 15:08:03","4456510"
"221","34.17","296","0","4/26/2019 13:33:04","4616333"
"204","27.96","410","0","4/20/2019 00:14:12","4616320"
"184","45.98","55","0","4/6/2019 18:18:04","4616253"
"383","0.00","0","-","4/10/2019 02:43:12","4616217"
"171","52.81","230","0","4/18/2019 02:39:04","4616357"
"202","50.95","43","0","4/29/2019 04:53:05","4456483"
"106","24.85","90","0","4/24/2019 06:48:04","4616323"
"3","12.42","493","0","4/26/2019 12:48:04","4616324"
"1","9.94","543","0","4/2/2019 08:48:14","4616337"
"318","0.00","0","-","4/13/2019 16:18:06","4362249"
"437","55.92","111","0","4/27/2019 09:32:04","4616203"
"394","48.46","149","0","4/12/2019 01:43:05","4616225"
"178","46.60","178","0","4/6/2019 20:43:05","4616297"
"142","11.18","664","0","4/9/2019 06:13:14","4616261"
"439","6.21","447","-","4/25/2019 01:24:14","4616200"
"222","43.49","156","0","4/20/2019 15:39:03","4616332"
"433","58.40","129","0","4/22/2019 04:58:10","4616215"
"206","54.68","214","0","4/26/2019 09:33:06","4362252"
"423","36.66","145","0","4/30/2019 10:43:12","4616299"
"344","13.04","341","0","4/17/2019 11:23:03","4620330"
"332","45.36","202","0","4/6/2019 21:57:12","4616354"
"316","0.00","0","-","4/11/2017 15:17:02","4456516"
"212","52.19","209","0","4/22/2019 01:58:05","4362244"
"298","21.12","116","0","4/5/2019 20:03:03","4456498"
"354","62.13","131","0","4/29/2019 03:08:04","4616228"
"351","0.00","0","-","4/10/2019 06:58:13","4616210"
"349","0.00","0","-","4/30/2019 14:43:09","4329499"
"378","49.08","54","0","4/11/2019 14:04:05","4616197"
"365","35.41","151","0","4/21/2019 09:33:03","4456510"
"145","32.31","80","0","4/28/2019 05:39:04","4616342"
"324","0.00","0","-","4/21/2019 23:38:03","4329473"
"164","50.95","91","0","4/5/2019 02:19:03","4456497"
"319","24.85","380","0","4/7/2019 20:09:06","4362251"
"168","47.84","97","0","4/28/2019 13:19:03","4456496"
"354","0.00","0","-","4/21/2019 08:28:03","4616228"
"425","25.47","421","0","4/10/2019 20:28:13","4616276"
"394","31.06","231","0","4/9/2019 06:43:05","4616225"
"311","49.70","100","0","4/9/2019 22:03:06","4362342"
"369","0.00","0","-","4/18/2019 22:44:12","4616282"
"169","55.92","164","0","4/14/2019 01:09:03","4616355"
"3","19.88","323","0","4/20/2019 03:04:04","4616324"
"369","0.00","0","-","4/9/2019 00:13:11","4616282"
"208","55.30","197","0","4/4/2019 10:23:04","4616350"
"375","60.89","108","0","4/7/2019 05:53:04","4616193"
"380","34.17","67","0","4/3/2019 11:43:03","4763648"
"445","4.34","1245","-","4/17/2019 04:18:04","4456494"
"212","49.70","219","0","4/17/2019 00:04:06","4362244"
"262","39.76","318","0","4/28/2019 18:44:12","4616319"
"379","45.36","51","0","4/27/2019 11:37:05","4763650"
"319","49.08","195","0","4/7/2019 13:54:05","4362251"
"119","35.41","183","0","4/23/2019 11:57:04","4456502"
"411","32.31","142","0","4/4/2019 10:58:03","4763652"
"345","19.88","216","0","4/5/2019 21:47:09","4620314"
"347","11.80","603","0","4/26/2019 06:58:05","4456477"
"330","20.50","239","0","4/9/2019 05:43:10","4329507"
"422","40.38","222","0","4/24/2019 11:38:14","4616298"
"380","44.11","52","0","4/9/2019 23:28:04","4763648"
"142","52.19","143","0","4/21/2019 22:47:04","4616261"
"148","0.00","0","-","4/27/2017 14:07:03","4616257"
"418","50.33","42","0","4/25/2019 09:47:15","4616205"
"383","0.00","0","-","4/23/2019 13:33:13","4616217"
"185","57.16","44","0","4/6/2019 04:58:04","4616267"
"206","55.30","213","0","4/7/2019 02:24:05","4362252"
"347","7.45","954","0","4/7/2019 23:09:05","4456477"
"159","52.81","104","0","4/27/2019 06:23:04","4616252"
"344","12.42","360","0","4/13/2019 09:38:03","4620330"
"349","0.00","0","-","4/13/2019 15:28:08","4329499"
"159","48.46","113","0","4/30/2019 22:39:05","4616252"
"178","48.46","170","0","4/22/2019 20:48:04","4616297"
"164","39.76","116","0","4/13/2019 18:13:03","4456497"
"168","44.73","104","0","4/14/2019 11:14:03","4456496"
"148","0.00","0","-","4/27/2017 14:07:03","4616257"
"354","59.65","136","0","4/15/2019 18:28:04","4616228"
"261","15.53","271","0","4/26/2019 09:23:13","4616226"
"388","53.43","53","0","4/20/2019 10:24:03","4616211"
"186","0.00","0","-","4/15/2019 16:28:03","4620315"
"431","57.78","86","0","4/17/2019 00:54:04","4616214"
"258","19.26","222","0","4/16/2019 23:49:13","4616220"
"202","56.54","39","0","4/6/2019 06:23:05","4456483"
"422","38.52","232","0","4/5/2019 14:38:12","4616298"
"384","57.78","120","0","4/7/2019 20:43:04","4616199"
"137","51.57","86","0","4/9/2019 04:28:12","4616260"
"417","44.11","104","0","4/25/2019 11:53:03","4763649"
"205","29.20","548","0","4/3/2019 07:03:07","4362247"
"202","44.11","49","0","4/30/2019 15:03:05","4456483"
"405","59.65","44","0","4/4/2019 04:53:06","4362314"
"205","49.70","322","0","4/9/2019 16:13:06","4362247"
"433","54.68","138","0","4/15/2019 09:38:04","4616215"
"315","23.61","209","0","4/6/2019 15:48:11","4616364"
"119","30.44","212","0","4/18/2019 15:19:03","4456502"
"169","38.52","239","0","4/19/2019 18:43:04","4616355"
"169","19.26","471","0","4/22/2019 18:43:04","4616355"
"259","14.29","277","0","4/6/2019 12:34:12","4616223"
"369","0.00","0","-","4/15/2019 16:43:13","4616282"
"185","11.80","212","0","4/25/2019 11:57:04","4616267"
"119","13.67","473","-","4/23/2019 03:08:03","4456502"
"405","50.33","53","0","4/8/2019 10:03:07","4362314"
"350","0.00","0","-","4/21/2019 05:58:10","4616196"
"349","0.00","0","-","4/12/2019 02:43:09","4329499"
"153","0.00","0","-","4/3/2019 03:33:11","4616235"
"159","34.79","160","0","4/9/2019 14:48:11","4616252"
"347","43.49","166","0","4/16/2019 17:08:05","4456477"
"419","39.14","54","0","4/16/2019 10:28:04","4616204"
"338","45.98","111","0","4/26/2019 09:49:04","4616255"
"435","55.92","108","0","4/18/2019 14:19:04","4616198"
"157","0.00","0","-","4/27/2017 14:07:03","4616271"
"453","27.34","203","0","4/13/2019 11:08:13","4616239"
"153","0.00","0","-","4/6/2019 20:18:12","4616235"
"148","0.00","0","-","4/27/2017 14:07:03","4616257"
"450","44.73","443","0","4/23/2019 15:23:03","4616346"
"344","10.56","418","0","4/19/2019 11:13:03","4620330"
"137","55.30","81","0","4/28/2019 17:59:03","4616260"
"258","13.67","312","0","4/10/2019 10:28:12","4616220"
"350","0.00","0","-","4/24/2019 03:23:11","4616196"
"402","53.43","128","0","4/17/2019 16:48:03","4456505"
"399","20.50","118","0","4/19/2019 16:24:12","4456452"
"262","27.96","454","0","4/26/2019 14:08:11","4616319"
"394","10.56","684","0","4/18/2019 15:59:05","4616225"
"318","0.00","0","-","4/10/2019 22:22:07","4362249"
"129","52.81","88","0","4/6/2019 20:03:12","4616246"
"365","32.31","164","0","4/1/2019 20:43:04","4456510"
"137","49.70","90","0","4/11/2019 15:43:13","4616260"
"427","49.70","179","0","4/4/2019 23:58:12","4616259"
"395","23.61","342","0","4/24/2019 19:53:05","4456476"
"416","54.05","86","0","4/29/2019 22:57:03","4763651"
"221","19.26","523","0","4/13/2019 20:08:04","4616333"
"380","45.36","51","0","4/12/2019 18:53:04","4763648"
"412","49.08","43","0","4/27/2019 01:48:04","4616218"
"205","59.03","272","0","4/26/2019 01:03:07","4362247"
"365","18.01","296","0","4/25/2019 11:08:02","4456510"
"422","50.33","177","0","4/9/2019 23:38:12","4616298"
"298","34.17","73","0","4/1/2019 19:23:06","4456498"
"406","51.57","133","0","4/1/2019 14:13:03","4456506"
"349","0.00","0","-","4/4/2019 02:49:09","4329499"
"369","0.00","0","-","4/11/2019 20:13:13","4616282"
"369","0.00","0","-","4/26/2019 13:53:12","4616282"
"204","44.11","261","0","4/19/2019 17:38:13","4616320"
"195","45.98","181","0","4/2/2019 01:23:04","4620310"
"380","45.98","50","0","4/20/2019 23:19:04","4763648"
"154","48.46","84","0","4/3/2019 06:53:12","4616229"
"388","52.19","54","0","4/9/2019 11:58:04","4616211"
"418","39.76","53","0","4/13/2019 20:13:04","4616205"
"157","0.00","0","-","4/27/2017 14:07:03","4616271"
"215","21.12","324","0","4/17/2019 13:09:04","4616329"
"413","47.22","45","0","4/19/2019 09:03:04","4616219"
"418","52.19","40","0","4/29/2019 02:08:12","4616205"
"424","45.36","118","0","4/27/2019 16:03:12","4616300"
"106","16.77","136","0","4/30/2019 13:08:03","4616323"
"3","16.15","385","0","4/9/2019 09:13:14","4616324"
"380","44.73","51","0","4/20/2019 03:18:03","4763648"
"190","0.00","0","-","4/5/2019 03:38:08","4620332"
"440","50.95","150","0","4/13/2019 08:53:03","4329483"
"426","31.68","215","0","4/5/2019 09:29:04","4616272"
"186","0.00","0","-","4/11/2019 23:08:03","4620315"
"311","45.98","109","0","4/22/2019 11:53:06","4362342"
"329","0.00","0","-","4/11/2019 04:38:04","4329508"
"380","41.01","56","0","4/20/2019 06:53:03","4763648"
"126","42.87","174","0","4/2/2019 09:58:13","4616247"
"199","54.05","202","0","4/28/2019 16:24:04","4616351"
"380","44.73","52","0","4/26/2019 07:23:05","4763648"
"378","14.91","180","0","4/22/2019 18:48:04","4616197"
"416","50.95","91","0","4/25/2019 17:13:03","4763651"
"170","52.19","72","0","4/25/2019 07:58:04","4616356"
"332","60.27","152","0","4/16/2019 04:58:04","4616354"
"204","49.08","235","0","4/15/2019 13:29:13","4616320"
"351","0.00","0","-","4/19/2019 00:04:11","4616210"
"425","25.47","422","0","4/29/2019 13:53:03","4616276"
"185","59.03","42","0","4/2/2019 03:28:03","4616267"
"347","18.01","394","0","4/25/2019 06:03:06","4456477"
"382","0.00","0","-","4/26/2019 17:53:11","4616216"
"263","44.11","48","0","4/13/2019 20:58:03","4763657"
"222","52.19","131","0","4/7/2019 05:43:11","4616332"
"428","11.80","441","0","4/8/2019 17:48:13","4616241"
"418","41.63","51","0","4/8/2019 03:03:04","4616205"
"410","42.25","110","0","4/12/2019 01:08:03","4763656"
"129","54.68","85","0","4/27/2019 03:48:04","4616246"
"207","54.68","138","0","4/4/2019 23:59:05","4616352"
"184","41.63","61","0","4/22/2019 16:03:03","4616253"
"448","41.01","481","0","4/25/2019 13:08:03","4620343"
"191","0.00","0","-","4/8/2019 21:31:09","4620331"
"413","42.25","50","0","4/26/2019 13:13:04","4616219"
"419","43.49","49","0","4/2/2019 00:43:04","4616204"
"332","55.30","166","0","4/17/2019 00:19:07","4616354"
"164","50.95","91","0","4/21/2019 08:18:04","4456497"
"345","8.69","501","0","4/8/2019 16:23:03","4620314"
"325","36.03","154","0","4/15/2019 04:53:03","4329472"
"207","39.14","192","0","4/7/2019 15:08:04","4616352"
"354","59.65","136","0","4/9/2019 09:43:04","4616228"
"221","50.33","201","0","4/16/2019 01:53:04","4616333"
"258","22.99","183","0","4/22/2019 10:28:12","4616220"
"142","42.87","174","0","4/8/2019 10:28:12","4616261"
"168","44.73","103","0","4/14/2019 16:39:03","4456496"
"170","45.98","81","0","4/15/2019 05:13:13","4616356"
"330","24.23","205","0","4/29/2019 11:07:03","4329507"
"365","26.71","201","0","4/2/2019 05:28:03","4456510"
"412","51.57","41","0","4/27/2019 06:23:04","4616218"
"451","49.08","130","0","4/3/2019 00:28:03","4456500"
"436","64.00","81","0","4/14/2019 11:44:04","4616202"
"165","53.43","47","0","4/3/2019 15:03:12","4616305"
"126","55.92","134","0","4/8/2019 07:03:13","4616247"
"195","48.46","170","0","4/22/2019 00:43:03","4620310"
"185","26.09","96","0","4/11/2019 10:44:04","4616267"
"184","52.19","48","0","4/9/2019 20:28:04","4616253"
"434","58.40","54","0","4/2/2019 18:48:04","4616212"
"177","21.74","198","0","4/22/2019 13:08:04","4616309"
"381","56.54","28","0","4/14/2019 03:39:04","4616194"
"159","47.84","115","0","4/29/2019 21:51:04","4616252"
"383","0.00","0","-","4/27/2019 07:13:12","4616217"
"451","39.14","164","0","4/23/2019 13:23:05","4456500"
"381","55.30","29","0","4/16/2019 05:14:05","4616194"
"369","0.00","0","-","4/14/2019 06:29:11","4616282"
"185","58.40","43","0","4/16/2019 02:34:04","4616267"
"450","0.00","0","-","4/8/2019 07:28:13","4616346"
"364","16.15","325","0","4/17/2019 07:23:03","4456511"
"451","47.22","136","0","4/7/2019 10:43:03","4456500"
"259","24.23","168","0","4/3/2019 13:23:12","4616223"
"206","44.73","263","0","4/20/2019 15:28:06","4362252"
"145","31.06","84","0","4/8/2019 03:33:04","4616342"
"398","24.23","311","0","4/6/2019 07:48:05","4456481"
"124","0.00","0","-","4/24/2019 03:38:03","4456501"
"129","13.04","342","0","4/5/2019 15:58:12","4616246"
"2","17.39","186","0","4/19/2019 03:38:11","4616325"
"383","0.00","0","-","4/29/2019 17:28:14","4616217"
"199","44.73","246","0","4/22/2019 19:33:04","4616351"
"137","25.47","175","0","4/1/2019 15:03:13","4616260"
"402","51.57","132","0","4/16/2019 18:43:03","4456505"
"354","60.89","134","0","4/26/2019 04:03:14","4616228"
"154","47.84","85","0","4/19/2019 05:38:13","4616229"
"167","50.33","127","0","4/26/2019 11:59:04","4616312"
"149","19.26","367","0","4/19/2019 08:18:14","4616339"
"350","0.00","0","-","4/9/2019 17:43:12","4616196"
"164","52.19","89","0","4/6/2019 02:54:03","4456497"
"259","16.15","244","0","4/6/2019 10:13:12","4616223"
"347","49.70","144","0","4/28/2019 22:53:05","4456477"
"140","24.23","126","0","4/25/2019 06:53:04","4456479"
"390","41.63","94","0","4/22/2019 09:58:03","4616209"
"124","42.25","153","0","4/28/2019 06:18:03","4456501"
"377","21.12","185","0","4/30/2019 17:33:04","4616195"
"153","0.00","0","-","4/13/2019 13:49:12","4616235"
"124","31.68","203","0","4/4/2019 05:09:03","4456501"
"413","41.63","51","0","4/27/2019 17:57:04","4616219"
"167","55.30","116","0","4/2/2019 04:58:04","4616312"
"186","2.48","3226","-","4/5/2019 15:33:03","4620315"
"406","45.36","152","0","4/26/2019 18:18:03","4456506"
"202","50.95","43","0","4/16/2019 03:28:05","4456483"
"379","43.49","53","0","4/3/2019 14:43:03","4763650"
"137","55.30","80","0","4/26/2019 02:19:04","4616260"
"195","19.88","416","0","4/25/2019 13:18:03","4620310"
"124","35.41","182","0","4/12/2019 11:38:03","4456501"
"377","55.92","70","0","4/20/2019 02:54:04","4616195"
"190","0.00","0","-","4/13/2019 05:58:09","4620332"
"411","51.57","90","0","4/6/2019 01:00:03","4763652"
"331","34.79","225","0","4/21/2019 13:19:03","4616353"
"213","37.90","62","0","4/23/2019 22:48:06","4456450"
"388","59.65","48","0","4/7/2019 01:28:04","4616211"
"259","11.18","351","0","4/10/2019 08:23:12","4616223"
"349","0.00","0","-","4/23/2019 21:00:09","4329499"
"423","24.23","217","0","4/10/2019 09:57:12","4616299"
"428","9.94","518","0","4/1/2019 17:53:13","4616241"
"413","47.84","44","0","4/15/2019 13:18:04","4616219"
"110","54.68","141","0","4/14/2019 05:49:04","4616281"
"365","34.17","157","0","4/28/2019 00:24:04","4456510"
"406","50.33","136","0","4/8/2019 02:29:04","4456506"
"431","57.16","87","0","4/21/2019 03:24:04","4616214"
"427","19.26","459","0","4/15/2019 14:19:13","4616259"
"425","40.38","269","0","4/10/2019 11:33:04","4616276"
"405","28.58","93","0","4/24/2019 07:53:07","4362314"
"160","29.82","184","0","4/20/2019 16:54:04","4616266"
"222","53.43","129","0","4/29/2019 05:28:04","4616332"
"265","14.91","495","0","4/21/2019 12:58:03","4620298"
"145","41.63","62","0","4/10/2019 06:13:13","4616342"
"129","55.30","83","0","4/16/2019 12:34:03","4616246"
"437","52.19","120","0","4/26/2019 16:14:03","4616203"
"338","44.73","114","0","4/9/2019 12:38:04","4616255"
"265","57.16","129","0","4/4/2019 01:48:04","4620298"
"325","39.14","141","0","4/20/2019 23:49:03","4329472"
"110","53.43","144","0","4/30/2019 22:19:04","4616281"
"413","44.11","48","0","4/20/2019 09:39:04","4616219"
"145","7.45","337","0","4/14/2019 07:44:04","4616342"
"412","40.38","52","0","4/12/2019 19:53:04","4616218"
"316","0.00","0","-","4/11/2017 15:17:02","4456516"
"416","50.33","92","0","4/28/2019 15:18:04","4763651"
"206","47.22","251","0","4/2/2019 14:48:06","4362252"
"141","24.85","287","0","4/19/2019 17:33:05","4456478"
"262","35.41","355","0","4/30/2019 12:53:12","4616319"
"199","39.14","277","0","4/5/2019 14:03:03","4616351"
"427","13.04","685","0","4/3/2019 16:28:12","4616259"
"423","27.34","197","0","4/13/2019 15:23:12","4616299"
"191","0.00","0","-","4/12/2019 21:27:09","4620331"
"439","52.81","54","0","4/19/2019 12:19:04","4616200"
"1","13.67","392","0","4/7/2019 19:08:12","4616337"
"419","39.14","54","0","4/8/2019 10:53:04","4616204"
"445","9.94","553","0","4/15/2019 16:48:05","4456494"
"177","37.90","112","0","4/16/2019 14:23:12","4616309"
"395","16.15","504","0","4/21/2019 22:18:05","4456476"
"331","28.58","273","0","4/24/2019 08:23:03","4616353"
"258","15.53","273","0","4/9/2019 00:33:13","4616220"
"330","34.17","145","0","4/15/2019 21:36:03","4329507"
"325","35.41","155","0","4/10/2019 04:23:08","4329472"
"433","51.57","144","0","4/3/2019 01:18:04","4616215"
"375","57.78","114","0","4/29/2019 02:53:03","4616193"
"215","0.00","0","-","4/15/2019 02:09:04","4616329"
"434","61.51","52","0","4/6/2019 09:13:04","4616212"
"199","34.79","312","0","4/8/2019 09:28:04","4616351"
"223","12.42","204","0","4/1/2019 15:03:03","4616341"
"129","47.84","96","0","4/10/2019 08:38:13","4616246"
"345","7.45","585","0","4/20/2019 15:13:03","4620314"
"141","40.38","178","0","4/2/2019 21:00:05","4456478"
"419","41.63","51","0","4/12/2019 07:13:03","4616204"
"206","30.44","389","0","4/6/2019 20:43:07","4362252"
"160","26.09","211","0","4/27/2019 14:38:03","4616266"
"172","14.29","293","0","4/29/2019 19:02:04","4616310"
"258","27.34","155","0","4/7/2019 10:53:11","4616220"
"206","50.95","232","0","4/16/2019 16:13:06","4362252"
"257","22.99","540","0","4/17/2019 21:16:13","4616318"
"385","52.81","27","0","4/3/2019 23:14:04","4616208"
"153","0.00","0","-","4/9/2019 21:41:12","4616235"
"435","59.65","102","0","4/1/2019 22:28:05","4616198"
"223","5.59","434","0","4/24/2019 16:28:04","4616341"
"387","52.81","111","0","4/21/2019 13:24:04","4616206"
"169","57.78","159","0","4/9/2019 05:43:04","4616355"
"211","57.16","287","0","4/6/2019 09:43:02","4362250"
"295","3.10","1435","-","4/21/2019 00:54:03","4616250"
"418","29.82","72","0","4/25/2019 04:38:15","4616205"
"424","44.11","120","0","4/27/2019 22:32:12","4616300"
"399","1.86","1140","0","4/26/2019 02:53:13","4456452"
"384","60.27","116","0","4/8/2019 10:43:03","4616199"
"347","24.85","284","0","4/17/2019 05:28:06","4456477"
"385","48.46","29","0","4/20/2019 17:39:03","4616208"
"205","46.60","347","0","4/1/2019 11:08:07","4362247"
"422","37.28","238","0","4/26/2019 20:43:13","4616298"
"165","44.73","56","0","4/7/2019 22:13:05","4616305"
"199","56.54","195","0","4/6/2019 03:43:04","4616351"
"425","21.74","493","0","4/1/2019 15:23:04","4616276"
"365","27.96","191","0","4/26/2019 22:53:03","4456510"
"426","45.36","151","0","4/13/2019 09:43:04","4616272"
"439","54.05","52","0","4/23/2019 03:53:04","4616200"
"410","54.68","85","0","4/6/2019 01:00:03","4763656"
"427","52.81","169","0","4/1/2019 03:23:12","4616259"
"437","49.70","125","0","4/27/2019 23:39:05","4616203"
"439","54.05","52","0","4/12/2019 00:28:04","4616200"
"417","46.60","99","0","4/4/2019 07:23:03","4763649"
"119","16.15","397","0","4/1/2019 07:58:03","4456502"
"437","53.43","116","0","4/9/2019 00:43:03","4616203"
"369","0.00","0","-","4/8/2019 10:53:13","4616282"
"217","45.36","223","0","4/12/2019 18:33:04","4616328"
"350","0.00","0","-","4/10/2019 04:08:12","4616196"
"394","10.56","671","0","4/15/2019 16:53:05","4616225"
"295","54.05","82","0","4/12/2019 02:43:12","4616250"
"160","0.00","0","-","4/2/2019 01:38:04","4616266"
"347","20.50","346","0","4/13/2019 22:58:06","4456477"
"311","30.44","162","0","4/23/2019 20:12:07","4362342"
"223","27.34","95","0","4/13/2019 04:38:04","4616341"
"110","49.70","154","0","4/20/2019 18:24:04","4616281"
"395","24.85","323","0","4/23/2019 17:48:05","4456476"
"263","47.22","45","0","4/5/2019 09:23:03","4763657"
"204","45.98","250","0","4/8/2019 16:23:12","4616320"
"264","45.98","46","0","4/6/2019 09:38:03","4763655"
"215","12.42","553","0","4/27/2019 17:53:04","4616329"
"399","16.77","141","0","4/23/2019 23:33:11","4456452"
"379","39.76","58","0","4/21/2019 18:28:03","4763650"
"364","21.74","245","0","4/4/2019 09:43:03","4456511"
"149","16.15","438","0","4/19/2019 15:38:13","4616339"
"119","0.00","0","-","4/2/2019 02:49:03","4456502"
"3","13.67","467","0","4/1/2019 15:28:13","4616324"
"379","0.00","0","-","4/19/2019 05:13:05","4763650"
"405","49.70","54","0","4/22/2019 07:49:06","4362314"
"160","22.36","248","0","4/18/2019 07:49:04","4616266"
"165","24.85","101","0","4/2/2019 08:53:13","4616305"
"453","19.26","283","0","4/5/2019 13:33:12","4616239"
"380","49.70","46","0","4/15/2019 18:58:03","4763648"
"416","50.95","90","0","4/1/2019 19:48:03","4763651"
"202","35.41","61","0","4/18/2019 13:28:04","4456483"
"350","0.00","0","-","4/24/2019 04:43:12","4616196"
"159","37.90","147","0","4/1/2019 22:48:11","4616252"
"331","31.68","248","0","4/26/2019 21:16:05","4616353"
"375","54.05","122","0","4/20/2019 14:54:04","4616193"
"206","31.06","380","0","4/23/2019 09:53:07","4362252"
"354","64.00","127","0","4/6/2019 05:23:04","4616228"
"379","54.05","42","0","4/29/2019 04:53:05","4763650"
"149","12.42","566","0","4/12/2019 11:08:14","4616339"
"330","0.00","0","-","4/23/2019 02:03:07","4329507"
"369","0.00","0","-","4/19/2019 17:48:13","4616282"
"186","0.00","0","-","4/3/2019 07:48:03","4620315"
"298","40.38","62","0","4/20/2019 23:19:04","4456498"
"332","51.57","179","0","4/1/2019 19:48:03","4616354"
"398","22.99","321","0","4/25/2019 22:57:05","4456481"
"344","14.29","314","0","4/13/2019 19:43:03","4620330"
"375","54.05","121","0","4/29/2019 22:07:04","4616193"
"212","41.63","261","0","4/5/2019 09:33:07","4362244"
"349","0.00","0","-","4/22/2019 02:55:08","4329499"
"169","42.25","219","0","4/7/2019 21:37:13","4616355"
"433","54.05","138","0","4/28/2019 13:44:03","4616215"
"417","50.33","92","0","4/11/2019 15:03:03","4763649"
"435","54.68","111","0","4/6/2019 00:49:04","4616198"
"142","46.60","159","0","4/19/2019 17:48:04","4616261"
"349","0.00","0","-","4/3/2019 16:13:09","4329499"
"434","60.27","53","0","4/19/2019 10:28:03","4616212"
"126","51.57","145","0","4/1/2019 17:48:12","4616247"
"150","0.00","0","-","4/25/2019 07:08:16","4616340"
"416","54.68","85","0","4/14/2019 01:29:03","4763651"
"329","32.93","168","0","4/14/2019 00:24:03","4329508"
"398","13.67","551","0","4/13/2019 15:59:04","4456481"
"264","44.73","47","0","4/16/2019 21:48:04","4763655"
"424","32.93","161","0","4/26/2019 14:48:12","4616300"
"167","50.33","127","0","4/2/2019 17:58:04","4616312"
"177","52.19","82","0","4/26/2019 01:12:04","4616309"
"351","0.00","0","-","4/4/2019 10:33:13","4616210"
"411","55.92","83","0","4/7/2019 10:49:03","4763652"
"222","38.52","178","0","4/8/2019 09:13:13","4616332"
"344","11.18","397","0","4/21/2019 22:07:03","4620330"
"257","14.91","850","0","4/5/2019 19:08:12","4616318"
"422","36.03","247","0","4/26/2019 14:28:12","4616298"
"419","37.90","56","0","4/9/2019 18:53:04","4616204"
"365","0.00","0","-","4/20/2019 03:08:03","4456510"
"388","42.87","66","0","4/19/2019 14:19:05","4616211"
"295","2.48","1748","0","4/13/2019 04:43:04","4616250"
"425","40.38","268","0","4/27/2019 04:08:03","4616276"
"155","0.00","0","-","4/24/2019 12:58:14","4616232"
"185","58.40","43","0","4/25/2019 02:29:04","4616267"
"431","60.89","82","0","4/16/2019 04:19:05","4616214"
"215","44.11","154","0","4/11/2019 04:53:12","4616329"
"325","9.32","582","0","4/1/2019 09:38:03","4329472"
"212","52.81","206","0","4/15/2019 22:42:08","4362244"
"428","52.19","102","0","4/2/2019 03:33:11","4616241"
"422","50.33","177","0","4/14/2019 09:49:11","4616298"
"2","13.04","254","0","4/17/2019 19:23:16","4616325"
"380","35.41","65","0","4/24/2019 11:33:03","4763648"
"208","52.19","209","0","4/13/2019 21:58:04","4616350"
"157","0.00","0","-","4/27/2017 14:07:03","4616271"
"347","49.08","147","0","4/24/2019 04:33:05","4456477"
"119","29.82","214","0","4/14/2019 16:49:03","4456502"
"329","11.80","464","0","4/25/2019 18:58:10","4329508"
"422","44.73","200","0","4/25/2019 13:03:17","4616298"
"398","8.69","830","0","4/13/2019 20:28:04","4456481"
"384","61.51","113","0","4/27/2019 04:33:04","4616199"
"205","57.78","277","0","4/6/2019 04:23:06","4362247"
"410","46.60","99","0","4/26/2019 11:13:04","4763656"
"384","51.57","135","0","4/6/2019 15:08:03","4616199"
"394","27.96","260","0","4/30/2019 20:33:06","4616225"
"440","52.19","146","0","4/8/2019 12:59:03","4329483"
"199","48.46","227","0","4/11/2019 14:14:04","4616351"
"369","0.00","0","-","4/24/2019 05:23:13","4616282"
"325","4.97","1011","0","4/18/2019 10:13:03","4329472"
"350","0.00","0","-","4/3/2019 23:29:12","4616196"
"394","30.44","240","0","4/5/2019 07:08:04","4616225"
"425","37.90","284","0","4/8/2019 22:22:04","4616276"
"413","51.57","41","0","4/21/2019 04:03:04","4616219"
"330","23.61","208","0","4/22/2019 16:43:03","4329507"
"338","42.87","119","0","4/4/2019 12:14:04","4616255"
"164","52.19","88","0","4/13/2019 23:13:04","4456497"
"3","6.83","881","0","4/2/2019 08:43:13","4616324"
"381","48.46","33","0","4/4/2019 20:33:04","4616194"
"148","0.00","0","-","4/27/2017 14:07:03","4616257"
"140","42.87","71","0","4/14/2019 01:19:05","4456479"
"376","53.43","104","0","4/16/2019 12:09:04","4616192"
"405","56.54","47","0","4/12/2019 05:53:06","4362314"
"168","48.46","95","0","4/27/2019 03:03:04","4456496"
"441","63.37","124","0","4/23/2019 07:23:04","4616201"
"159","47.84","115","0","4/20/2019 19:49:04","4616252"
"155","0.00","0","-","4/5/2019 09:03:13","4616232"
"222","40.38","169","0","4/20/2019 17:04:03","4616332"
"437","55.30","113","0","4/15/2019 18:08:04","4616203"
"263","44.11","48","0","4/3/2019 20:08:03","4763657"
"141","22.36","324","0","4/11/2019 14:53:04","4456478"
"390","65.24","60","0","4/7/2019 03:08:04","4616209"
"345","3.72","1050","0","4/25/2019 16:43:10","4620314"
"402","54.05","127","0","4/18/2019 03:44:04","4456505"
"141","16.15","446","0","4/10/2019 11:48:04","4456478"
"258","22.99","185","0","4/1/2019 12:18:12","4616220"
"354","56.54","144","0","4/17/2019 11:53:03","4616228"
"413","46.60","46","0","4/3/2019 13:43:04","4616219"
"451","45.98","139","0","4/10/2019 15:04:03","4456500"
"217","44.11","229","0","4/25/2019 22:18:05","4616328"
"185","50.33","50","0","4/28/2019 14:59:03","4616267"
"212","53.43","205","0","4/25/2019 15:43:03","4362244"
"418","45.36","47","0","4/21/2019 09:43:04","4616205"
"448","41.63","470","0","4/17/2019 00:39:03","4620343"
"4","0.00","0","-","4/26/2019 16:38:13","4616338"
"405","51.57","52","0","4/27/2019 03:38:06","4362314"
"402","45.36","152","0","4/17/2019 07:23:03","4456505"
"440","52.19","146","0","4/9/2019 10:23:03","4329483"
"137","59.03","75","0","4/24/2019 04:23:04","4616260"
"424","46.60","115","0","4/24/2019 22:59:14","4616300"
"428","47.22","113","0","4/23/2019 02:33:12","4616241"
"426","29.20","235","0","4/9/2019 20:23:05","4616272"
"410","47.84","97","0","4/19/2019 16:43:03","4763656"
"387","39.76","148","0","4/11/2019 18:33:03","4616206"
"148","0.00","0","-","4/27/2017 14:07:03","4616257"
"164","52.81","88","0","4/4/2019 06:08:03","4456497"
"190","0.00","0","-","4/12/2019 00:08:09","4620332"
"2","9.94","332","0","4/16/2019 10:28:13","4616325"
"311","36.66","135","0","4/4/2019 10:28:08","4362342"
"119","18.64","348","0","4/19/2019 13:59:03","4456502"
"124","39.14","166","0","4/27/2019 22:43:03","4456501"
"351","0.00","0","-","4/13/2019 08:53:12","4616210"
"376","55.92","98","0","4/14/2019 04:24:04","4616192"
"295","4.97","904","0","4/15/2019 16:18:04","4616250"
"423","52.19","102","0","4/18/2019 01:24:12","4616299"
"171","43.49","280","0","4/29/2019 05:08:04","4616357"
"215","37.28","183","0","4/25/2019 23:33:05","4616329"
"212","51.57","212","0","4/29/2019 13:28:03","4362244"
"168","47.22","98","0","4/26/2019 23:38:04","4456496"
"110","50.33","152","0","4/18/2019 15:34:04","4616281"
"262","14.29","885","0","4/9/2019 19:38:13","4616319"
"4","0.00","0","-","4/18/2019 20:44:14","4616338"
