,Speed,TravelTime,DataAsOf,linkId
466283,47.84375,156,4/12/2018 20:48:12,4616261
500002,18.015625,147,2/13/2018 20:32:11,4616341
1149553,9.3203125,257,9/30/2018 17:48:22,4616305
1177398,24.234375,126,7/31/2018 10:48:05,4456479
964609,14.90625,331,2/25/2018 17:37:03,4329507
813996,44.71875,262,7/22/2018 01:48:06,4362252
572006,0.0,0,2/15/2018 16:42:10,4616216
841653,0.0,0,9/22/2018 19:23:36,4616309
168165,12.421875,508,4/5/2018 08:39:04,4616324
911148,0.0,0,12/24/2018 14:08:19,4616266
777676,58.40625,187,3/21/2018 02:58:09,4616351
334353,42.875,92,12/9/2018 16:58:22,4616195
1086437,62.75,111,9/29/2018 02:48:15,4616199
20932,46.59375,154,2/1/2018 14:43:04,4456477
517248,25.46875,104,7/14/2018 10:33:10,4616341
718830,45.96875,200,5/19/2018 15:36:03,4616354
963025,40.375,193,3/25/2018 22:43:09,4616353
535734,49.09375,87,9/14/2018 22:13:23,4616226
990200,54.0625,126,6/26/2018 16:53:02,4456505
356560,0.0,0,12/10/2018 06:38:22,4456494
666399,37.90625,424,5/18/2018 07:23:06,4362247
1082854,57.15625,87,4/28/2018 09:33:03,4616214
453689,30.4375,128,7/12/2018 19:18:04,4616195
330950,9.3203125,455,5/9/2018 15:33:03,4620332
140089,51.5625,107,9/4/2018 17:28:19,4616192
845833,37.28125,114,5/22/2018 22:18:03,4620331
836620,0.0,0,1/22/2018 17:03:03,4616266
819222,38.53125,185,8/22/2018 05:18:27,4616339
551966,51.5625,134,6/15/2018 09:58:03,4456505
844795,36.65625,63,7/22/2018 20:48:16,4763650
302866,47.21875,91,3/8/2018 20:53:03,4620331
840037,29.203125,259,9/22/2018 18:23:41,4616352
672426,48.46875,141,12/18/2018 10:08:23,4456505
726394,0.0,0,6/19/2018 21:53:07,4456511
888681,56.53125,130,12/24/2018 00:08:14,4620298
1108104,50.34375,106,10/30/2018 11:37:22,4616299
384484,0.0,0,9/11/2018 00:38:14,4456452
602269,13.671875,606,7/16/2018 15:03:03,4620310
598309,9.3203125,452,2/16/2018 08:52:03,4620332
885086,54.0625,145,6/23/2018 23:53:04,4616201
790212,23.609375,111,12/21/2018 11:02:56,4616341
683114,48.46875,96,8/18/2018 17:03:05,4763656
191810,24.234375,323,3/6/2018 00:17:09,4616353
426147,43.5,53,12/12/2018 01:43:12,4763650
607314,39.75,181,10/16/2018 18:33:26,4456477
1174622,11.1796875,400,5/31/2018 09:33:03,4763652
1015440,29.203125,148,7/27/2018 06:23:13,4620314
627093,52.8125,87,8/17/2018 06:23:17,4763656
1135337,50.34375,42,9/30/2018 08:58:27,4616218
652237,44.71875,99,8/17/2018 21:58:31,4616260
1181695,50.34375,124,7/31/2018 13:48:03,4616203
12717,55.3125,123,4/1/2018 10:38:02,4456505
366673,21.125,450,1/10/2018 12:12:03,4616340
940766,14.2890625,431,4/24/2018 19:34:04,4616324
423112,22.984375,142,4/11/2018 18:44:03,4616325
1059451,22.984375,240,4/27/2018 19:23:11,4616252
81374,45.375,436,2/3/2018 03:48:03,4616346
387054,0.0,0,4/10/2018 20:48:13,4616282
1042541,14.90625,285,10/28/2018 19:08:24,4616309
224124,20.5,126,4/6/2018 18:28:11,4616342
566208,0.0,0,8/15/2018 16:53:13,4616342
872153,43.5,250,5/23/2018 14:33:06,4362244
649308,32.3125,155,12/17/2018 19:53:29,4329507
784110,0.0,0,2/21/2018 03:02:04,4763657
720006,35.40625,212,10/20/2018 11:17:43,4616352
899169,52.1875,105,7/24/2018 06:18:17,4616239
738750,57.78125,86,7/20/2018 03:13:03,4616214
252461,50.34375,155,7/7/2018 15:03:03,4616201
667387,21.125,301,12/18/2018 07:03:00,4616324
837284,36.65625,58,1/22/2018 17:23:10,4616205
591709,36.65625,176,6/16/2018 10:33:03,4456501
145257,34.15625,130,1/4/2018 17:51:03,4616250
549433,58.40625,79,6/15/2018 08:28:04,4616246
220978,0.0,0,3/6/2018 18:18:10,4616282
555036,54.0625,306,10/15/2018 10:08:22,4362250
305178,47.21875,79,1/8/2018 22:07:03,4616356
300030,15.53125,274,12/8/2018 19:43:42,4616310
1104322,7.44921875,295,6/29/2018 15:33:10,4616323
695746,0.0,0,5/19/2018 01:28:09,4616217
1057982,44.71875,161,1/28/2018 11:42:03,4456477
68291,34.15625,146,9/2/2018 21:03:38,4329507
345402,50.34375,43,9/10/2018 00:28:12,4456483
770088,29.8125,340,1/20/2018 23:48:04,4616333
1114130,0.0,0,6/29/2018 21:33:28,4616196
908485,10.5625,905,4/24/2018 00:03:03,4616340
1036608,44.125,286,9/27/2018 19:58:26,4616319
1064837,1.8603515625,3400,7/28/2018 12:53:03,4620315
783208,38.53125,209,4/20/2018 20:13:03,4456476
451220,8.0703125,311,10/12/2018 18:03:25,4616341
96295,51.5625,31,6/3/2018 14:18:03,4616194
817888,21.734375,105,5/22/2018 05:23:03,4616323
185878,0.0,0,1/5/2018 18:57:03,4329472
179445,43.5,49,12/5/2018 16:58:26,4616218
122949,0.0,0,12/4/2018 05:53:35,4616255
758810,16.765625,331,5/20/2018 16:23:02,4329472
413424,50.9375,150,7/11/2018 18:28:04,4616281
1116321,40.375,52,9/29/2018 21:12:28,4616205
306939,54.6875,152,10/9/2018 00:53:16,4616297
396775,0.0,0,2/8/2017 17:55:05,4616365
815557,46.59375,99,8/22/2018 02:27:14,4763649
931595,59.65625,45,6/25/2018 04:43:06,4362314
689069,44.71875,56,3/18/2018 20:18:03,4616253
363375,52.1875,82,4/10/2018 06:33:04,4616226
663905,45.96875,48,2/18/2018 01:07:04,4456483
273638,26.703125,406,8/8/2018 04:03:15,4616276
347754,41.0,52,7/10/2018 01:53:04,4616219
1081356,50.34375,127,5/28/2018 23:48:03,4456500
716504,47.21875,232,9/19/2018 13:58:31,4616350
89114,50.9375,105,8/3/2018 09:58:24,4616241
552067,57.78125,136,3/15/2018 07:38:03,4616201
213450,38.53125,194,5/6/2018 14:43:03,4456481
243194,41.0,112,2/7/2018 07:13:03,4456497
586558,55.3125,48,9/16/2018 05:38:19,4362314
959452,41.0,56,7/25/2018 19:38:07,4763650
319477,30.4375,140,8/9/2018 08:23:17,4616220
417780,46.59375,84,5/11/2018 21:18:06,4362249
499954,50.9375,151,2/13/2018 20:32:03,4616281
762312,44.71875,47,10/21/2018 13:28:18,4763655
343681,27.953125,160,12/9/2018 22:43:22,4620330
449149,11.796875,531,7/12/2018 16:33:02,4456501
300793,55.90625,83,6/8/2018 20:48:03,4763656
689620,45.96875,139,12/18/2018 20:43:24,4456500
380343,48.46875,132,1/10/2018 20:37:04,4616312
587019,59.65625,54,7/16/2018 05:33:03,4616212
1009087,57.15625,115,3/27/2018 04:33:03,4616193
988613,29.203125,103,8/26/2018 14:03:04,4456479
478682,0.0,0,5/13/2018 10:58:10,4616216
389438,26.703125,382,3/11/2018 03:18:09,4616333
1142216,15.53125,320,6/30/2018 15:08:10,4616255
201728,64.0,94,5/6/2018 07:28:10,4616198
330077,37.90625,70,9/9/2018 12:33:20,4362314
913519,43.5,123,6/24/2018 17:28:10,4616300
929448,31.0625,346,6/25/2018 03:23:03,4616276
904690,0.0,0,6/24/2018 12:02:10,4616210
113104,0.0,0,8/4/2018 00:48:10,4616217
563364,16.15625,136,10/15/2018 15:18:31,4616323
30912,0.0,0,3/1/2018 20:57:04,4616338
506414,23.609375,173,9/14/2018 04:03:27,4616229
140300,41.0,114,12/4/2018 16:43:22,4456497
22815,53.4375,129,2/1/2018 15:53:03,4456505
656146,43.5,252,6/18/2018 02:23:09,4616351
910901,47.84375,52,2/24/2018 08:42:02,4456498
334138,24.84375,278,7/9/2018 17:28:04,4616199
709635,11.1796875,483,12/19/2018 09:13:28,4329472
86641,0.0,0,12/3/2018 07:28:32,4329499
616982,45.375,435,6/17/2018 02:08:04,4616346
64304,24.84375,260,5/2/2018 18:38:02,4456502
1090761,36.65625,145,5/29/2018 05:38:03,4456510
748297,41.0,52,3/20/2018 08:48:03,4616204
1125236,12.421875,167,1/30/2018 06:08:03,4616219
202247,24.84375,412,6/6/2018 07:53:10,4616328
1171196,21.734375,196,1/31/2018 10:33:03,4616309
596714,11.1796875,209,5/16/2018 08:44:04,4456452
992346,0.0,0,8/26/2018 16:18:03,4616329
56294,64.625,80,2/2/2018 12:28:03,4616202
986398,47.84375,227,10/27/2018 08:22:39,4362244
770444,6.828125,1177,4/20/2018 12:33:03,4620315
161856,14.90625,415,12/5/2018 06:08:35,4616203
146303,50.9375,144,12/4/2018 20:23:31,4620298
287618,26.703125,361,7/8/2018 12:48:03,4616340
153438,13.0390625,489,12/5/2018 00:58:19,4616324
401759,0.0,0,8/11/2018 11:08:06,4362314
248250,30.4375,167,9/7/2018 12:38:41,4616255
15615,11.796875,358,8/1/2018 12:33:03,4620332
556089,0.0,0,4/13/2018 12:08:03,4456481
1077758,23.609375,456,10/29/2018 16:58:29,4362244
997375,15.53125,339,7/26/2018 19:13:07,4456510
112356,47.84375,89,1/3/2018 22:25:18,4620331
1061619,26.09375,175,10/29/2018 06:58:20,4763652
220061,48.46875,124,3/6/2018 17:43:11,4616198
608848,19.265625,373,7/16/2018 19:03:10,4616225
724475,28.578125,334,12/19/2018 18:23:28,4362251
1091958,46.59375,206,8/29/2018 05:53:26,4362251
686574,18.640625,550,7/18/2018 19:03:10,4616333
488088,23.609375,354,7/13/2018 16:33:04,4620310
400983,52.8125,141,9/11/2018 10:53:30,4616261
304798,44.71875,112,3/8/2018 22:08:06,4362342
35920,51.5625,90,4/2/2018 00:43:03,4763656
230588,63.375,82,1/6/2018 22:37:03,4616202
70175,55.90625,51,9/2/2018 22:12:22,4616211
653739,41.625,94,2/17/2018 18:52:04,4616209
130656,55.3125,81,9/4/2018 11:37:29,4616250
966050,54.6875,98,1/26/2018 01:08:09,4616299
146183,49.09375,94,8/4/2018 03:38:09,4763652
127969,44.125,245,10/4/2018 10:08:24,4616276
53346,48.46875,159,5/2/2018 11:48:02,4329483
497120,54.6875,294,9/13/2018 22:18:23,4362247
900276,0.0,0,8/24/2018 07:28:20,4456502
1187157,50.9375,31,1/31/2018 20:23:04,4616194
1121241,53.4375,172,1/30/2018 03:43:03,4616355
578852,57.15625,47,8/16/2018 00:38:06,4362314
10392,41.625,55,9/1/2018 09:18:20,4763650
395869,32.3125,210,10/11/2018 07:53:23,4616332
244270,5.58984375,695,5/7/2018 09:48:02,4620331
159891,62.75,125,6/5/2018 05:43:03,4616201
459737,0.0,0,9/12/2018 23:13:30,4616340
223703,53.4375,53,12/6/2018 20:23:26,4616211
591128,41.625,57,5/16/2018 08:44:04,4456450
565475,29.203125,187,4/15/2018 08:38:07,4329472
830716,46.59375,191,4/22/2018 00:54:04,4616259
747346,13.671875,236,4/19/2018 22:32:04,4616338
13514,42.875,50,8/1/2018 11:12:03,4616205
1115449,22.984375,176,9/29/2018 20:43:43,4616223
1148171,18.640625,567,9/30/2018 16:53:22,4616276
250459,45.96875,81,9/7/2018 13:48:17,4616356
669452,0.0,0,2/18/2018 04:32:03,4362250
130934,10.5625,300,4/4/2018 10:08:03,4616338
868149,31.0625,164,6/23/2018 13:28:10,4616255
273458,36.65625,122,3/8/2018 02:43:03,4620330
987431,31.6875,118,6/26/2018 15:13:03,4616356
26167,49.6875,43,7/1/2018 19:03:10,4616204
1798,61.5,127,9/1/2018 03:58:19,4616201
910993,24.234375,442,12/24/2018 13:58:20,4616276
793710,38.53125,509,1/21/2018 14:23:02,4616346
266553,46.59375,118,6/7/2018 23:38:10,4616239
376665,51.5625,152,3/10/2018 18:23:03,4616213
761930,32.3125,120,10/21/2018 13:13:22,4362249
1082858,1.8603515625,2664,10/29/2018 20:03:01,4616203
314378,59.03125,199,2/9/2018 02:47:05,4362252
752669,54.6875,169,3/20/2018 11:33:04,4616355
642705,19.875,79,10/18/2018 11:22:37,4616194
173641,48.46875,110,1/5/2018 11:21:11,4616241
62466,21.734375,121,9/2/2018 17:33:16,4616341
721939,0.0,0,1/19/2018 17:58:08,4620330
315679,65.25,79,10/9/2018 06:13:21,4616202
475917,29.8125,141,12/13/2018 08:33:24,4616309
214811,13.0390625,326,3/6/2018 14:33:03,4616310
14479,16.15625,354,5/1/2018 11:47:02,4456494
11934,47.84375,227,12/1/2018 09:17:32,4362244
266874,23.609375,108,3/7/2018 23:28:04,4616342
107921,30.4375,273,3/3/2018 20:32:04,4620310
562178,8.6875,718,6/15/2018 16:18:11,4616324
871403,27.953125,280,7/23/2018 13:13:10,4616353
874896,16.15625,300,6/23/2018 17:38:07,4329507
42727,46.59375,192,4/2/2018 04:53:10,4616298
454217,38.53125,65,5/12/2018 19:53:04,4616253
1140438,20.5,376,10/31/2018 07:43:12,4616353
879889,49.09375,120,1/23/2018 19:43:11,4616206
253475,33.5625,147,7/7/2018 15:43:03,4362342
119513,17.390625,474,3/4/2018 03:42:03,4620315
859054,47.84375,143,6/23/2018 07:53:04,4616329
52812,0.0,0,1/2/2018 08:41:28,4616309
400870,19.265625,625,9/11/2018 10:48:21,4616357
680979,0.0,0,4/18/2018 06:28:11,4616217
373187,9.9375,426,3/10/2018 16:18:03,4616310
870915,47.84375,53,12/23/2018 13:13:19,4616267
1031323,52.8125,303,5/27/2018 16:53:07,4362247
361858,50.9375,49,3/10/2018 09:43:03,4616267
600420,44.71875,71,4/16/2018 05:43:11,4616212
838555,22.359375,546,10/23/2018 12:53:34,4616357
372483,43.5,123,2/10/2018 14:22:10,4616299
298004,28.578125,562,12/8/2018 18:28:35,4362247
1043058,35.40625,74,3/28/2018 02:13:09,4616341
621555,45.96875,148,9/17/2018 03:18:15,4456505
862524,58.40625,104,2/23/2018 03:02:09,4616198
521600,20.5,529,9/14/2018 13:28:32,4616350
629448,8.6875,832,1/17/2018 08:53:10,4616261
131370,59.03125,132,3/4/2018 10:57:04,4616201
571096,59.03125,54,9/15/2018 20:02:50,4616212
87812,17.390625,390,8/3/2018 09:13:13,4616329
1062217,0.0,0,10/29/2018 07:23:23,4616266
824099,44.71875,47,12/22/2018 07:58:42,4763657
56383,43.5,451,6/2/2018 13:38:03,4620343
149714,53.4375,116,8/4/2018 03:38:06,4616203
118900,51.5625,82,1/4/2018 01:36:04,4616220
1136701,3.720703125,565,5/30/2018 10:13:11,4616323
863105,46.59375,163,1/23/2018 09:23:03,4616352
614932,55.3125,29,9/16/2018 23:12:20,4616194
1109987,36.65625,164,9/29/2018 17:18:39,4616198
724317,41.625,262,12/19/2018 18:18:35,4616351
514022,0.0,0,8/14/2018 08:38:27,4616196
1008226,48.46875,52,2/26/2018 20:22:03,4616305
930351,29.8125,109,1/25/2018 03:03:03,4616325
774930,11.1796875,949,6/21/2018 03:58:10,4616351
1119276,7.44921875,557,10/30/2018 18:30:30,4620314
1015568,19.265625,121,4/26/2018 16:48:04,4456450
730637,37.90625,146,1/19/2018 23:22:09,4616252
21761,15.53125,141,2/1/2018 15:18:03,4616323
410279,20.5,129,1/11/2018 15:08:06,4362314
392978,50.34375,127,2/11/2018 02:57:03,4616312
730145,47.84375,227,3/19/2018 21:38:05,4362244
379209,0.0,0,5/10/2018 21:23:13,4616216
174097,47.21875,129,6/5/2018 14:28:12,4616198
318578,21.734375,290,2/9/2018 05:22:03,4616324
782972,0.0,0,6/21/2018 08:53:10,4616196
54359,36.03125,65,2/2/2018 11:12:04,4456450
874751,47.84375,201,7/23/2018 15:18:06,4362251
674431,14.2890625,445,3/18/2018 11:13:03,4616324
652271,0.0,0,2/17/2018 17:57:09,4616216
391772,61.5,81,7/11/2018 05:03:05,4616214
304091,0.0,0,2/8/2018 20:27:04,4616338
487578,43.5,212,10/13/2018 16:28:28,4616354
1042039,49.6875,46,6/28/2018 00:58:04,4763650
778482,56.53125,69,5/21/2018 04:38:03,4362249
202005,39.75,53,6/6/2018 07:58:03,4616204
782868,50.9375,62,12/21/2018 06:28:24,4616212
1033479,36.65625,207,6/27/2018 19:58:11,4616352
855059,54.0625,127,9/23/2018 03:38:15,4456506
125925,48.46875,81,8/4/2018 03:38:14,4362249
268165,42.25,177,5/8/2018 00:38:10,4616261
921364,52.8125,88,7/24/2018 20:08:15,4763651
592841,16.765625,132,4/16/2018 01:12:04,4616323
974699,60.875,44,5/26/2018 05:48:06,4362314
474075,0.0,0,8/13/2018 07:58:30,4616196
614753,27.953125,154,12/16/2018 22:22:23,4620314
877119,16.15625,708,6/23/2018 19:03:10,4616320
1064777,0.0,0,8/28/2018 13:08:25,4616252
383629,49.09375,101,7/11/2018 00:03:03,4362342
53437,47.21875,86,6/2/2018 11:52:11,4616229
151002,35.40625,145,3/4/2018 23:07:10,4616255
437502,29.8125,47,9/12/2018 09:28:24,4616208
747125,0.0,0,2/20/2018 04:12:09,4616319
214888,30.4375,88,10/6/2018 15:53:25,4362314
1017181,0.0,0,4/27/2017 14:07:03,4616271
8346,24.234375,265,2/1/2018 07:03:03,4616312
225493,34.15625,320,3/6/2018 21:08:10,4616351
783677,44.71875,159,2/21/2018 02:57:08,4616235
940577,22.359375,887,1/25/2018 09:18:03,4616346
21323,46.59375,99,4/1/2018 16:23:04,4763656
583427,54.0625,103,1/16/2018 02:32:09,4616192
238235,46.59375,175,2/7/2018 04:07:02,4456476
664604,0.0,0,2/18/2018 01:32:09,4616228
194104,49.6875,101,1/6/2018 00:07:03,4362342
771506,16.765625,436,7/20/2018 23:33:03,4456481
202827,47.21875,45,9/6/2018 08:13:22,4763655
432890,39.125,128,8/12/2018 06:33:10,4329507
1035810,43.5,118,5/27/2018 19:43:10,4616255
803360,55.90625,146,12/21/2018 19:08:25,4616228
952819,52.8125,100,3/25/2018 15:07:09,4616300
379519,45.375,90,10/10/2018 21:48:23,4616229
1152337,43.5,49,3/30/2018 20:58:04,4763657
1104085,18.015625,142,6/29/2018 15:48:03,4616342
935350,34.15625,136,8/25/2018 05:03:29,4456496
887637,59.03125,133,5/24/2018 00:03:03,4616213
274773,18.640625,163,12/8/2018 04:08:36,4456479
851982,24.84375,436,4/22/2018 13:43:04,4616276
303869,44.125,218,8/8/2018 22:43:21,4362251
130630,29.203125,275,1/4/2018 08:51:03,4616228
86129,37.90625,144,12/3/2018 07:08:34,4616239
95880,50.9375,49,3/3/2018 13:07:04,4616305
670205,36.03125,283,8/18/2018 09:08:32,4616333
683699,13.671875,724,5/18/2018 18:03:10,4616328
661434,49.09375,43,1/18/2018 04:32:03,4763657
745499,60.28125,42,5/20/2018 08:13:04,4616253
603098,22.984375,398,6/16/2018 17:38:03,4616355
446881,19.875,372,10/12/2018 15:43:20,4456481
309919,59.03125,111,7/9/2018 02:33:04,4616193
480486,44.71875,242,2/13/2018 08:32:03,4616276
1140073,54.0625,85,7/30/2018 11:52:03,4763651
200120,59.65625,183,12/6/2018 05:48:35,4616350
880323,27.34375,283,3/23/2018 18:17:10,4616353
839949,6.828125,469,12/22/2018 17:53:56,4616338
866118,45.96875,46,6/23/2018 12:13:03,4616218
477521,36.03125,336,4/13/2018 03:34:04,4616357
978861,43.5,49,7/26/2018 07:38:05,4616205
1147381,54.6875,125,5/30/2018 16:43:02,4456505
1061098,31.6875,361,4/27/2018 20:23:12,4616320
1030463,50.9375,56,7/27/2018 15:38:03,4616200
809034,19.875,361,2/21/2018 18:17:09,4616225
638054,5.58984375,556,12/17/2018 12:58:34,4616325
747360,51.5625,121,8/20/2018 08:48:18,4616203
464550,0.0,0,12/13/2018 01:28:20,4456481
289044,6.828125,619,6/8/2018 13:33:03,4620330
1034779,8.6875,740,2/27/2018 12:37:09,4616329
552792,54.6875,108,5/15/2018 08:58:04,4616206
569230,0.0,0,4/13/2018 12:08:03,4456502
994123,39.125,141,2/26/2018 11:42:03,4329473
315315,25.46875,105,10/9/2018 06:03:28,4616197
483073,16.15625,304,4/13/2018 06:53:03,4616364
852179,51.5625,31,2/22/2018 20:42:04,4616194
350322,44.71875,167,8/10/2018 03:23:13,4456481
298480,0.0,0,12/8/2018 18:42:36,4456494
101884,21.125,220,6/3/2018 17:48:03,4456496
1015860,44.71875,83,2/27/2018 01:02:09,4616356
253419,23.609375,187,9/7/2018 15:38:26,4616260
1133449,21.125,212,4/29/2018 16:08:03,4620330
827709,25.46875,166,6/22/2018 12:33:03,4616309
519049,42.875,53,8/14/2018 11:43:13,4763650
609776,52.1875,176,1/16/2018 20:33:04,4616354
18957,41.625,63,4/1/2018 14:28:10,4616341
1096256,15.53125,298,3/29/2018 10:23:03,4456496
311145,19.875,214,10/9/2018 03:28:22,4616226
105293,34.78125,254,12/3/2018 18:58:27,4616298
238793,47.84375,48,10/7/2018 06:43:17,4763650
871574,52.8125,88,8/23/2018 13:43:17,4616246
604819,0.0,0,8/16/2018 16:43:11,4616247
56590,13.671875,866,8/2/2018 13:58:03,4616357
1180990,15.53125,154,5/31/2018 13:28:04,4456452
198537,0.0,0,2/6/2018 03:42:04,4456510
8504,59.03125,45,12/1/2018 07:07:50,4362314
429340,45.96875,56,3/12/2018 03:58:09,4616342
908727,50.9375,216,10/25/2018 08:23:42,4616350
516832,0.0,0,4/14/2018 03:19:03,4616305
596179,46.59375,100,4/13/2018 12:08:03,4456497
273000,59.65625,42,10/8/2018 03:53:17,4616267
438143,47.21875,159,7/12/2018 09:43:12,4616352
376944,17.390625,407,8/10/2018 19:53:28,4616235
427815,54.6875,100,8/12/2018 03:23:05,4616192
768160,46.59375,46,7/20/2018 21:28:04,4616218
725116,45.375,140,10/20/2018 14:23:40,4456500
608012,0.0,0,10/16/2018 18:58:32,4329499
716506,39.125,277,1/19/2018 14:38:03,4616351
368583,59.65625,102,3/10/2018 13:23:12,4616198
1114384,48.46875,243,4/29/2018 04:38:06,4362252
693521,29.203125,89,8/18/2018 23:33:27,4616342
729545,49.6875,32,7/19/2018 21:33:03,4616194
487941,16.765625,743,9/13/2018 16:38:20,4616318
181165,12.421875,165,10/5/2018 19:02:50,4616204
48548,61.5,52,2/2/2018 07:38:04,4616212
204216,44.71875,124,4/6/2018 06:28:12,4616252
661253,54.0625,141,6/18/2018 05:33:03,4616281
147695,53.4375,123,5/4/2018 22:08:04,4616193
823580,6.828125,345,1/22/2018 08:57:03,4616267
313709,33.5625,127,4/9/2018 00:33:03,4620332
78068,0.0,0,5/3/2018 03:08:03,4456478
1029852,50.34375,50,3/27/2018 17:23:03,4616253
659692,0.0,0,10/18/2018 21:53:37,4616282
862956,51.5625,140,9/23/2018 09:08:19,4456477
883415,21.125,231,1/23/2018 21:53:03,4362342
1029844,57.15625,131,10/28/2018 11:12:31,4616247
213440,53.4375,140,12/6/2018 14:08:37,4616247
621263,27.953125,255,4/16/2018 18:24:03,4616339
253496,35.40625,182,6/7/2018 15:38:04,4616312
887151,49.09375,87,9/23/2018 23:28:22,4620332
636383,32.9375,141,10/17/2018 12:33:22,4763652
650883,52.1875,143,2/17/2018 17:07:03,4616215
565341,19.875,110,9/15/2018 16:33:20,4456483
341482,9.3203125,451,3/9/2018 20:43:04,4620332
642410,10.5625,722,5/17/2018 16:33:10,4616352
1125591,49.09375,44,5/30/2018 03:18:04,4456483
321984,13.0390625,553,3/9/2018 08:38:11,4616225
465621,49.09375,109,1/13/2018 01:18:10,4616241
891779,8.0703125,868,3/24/2018 01:22:09,4616225
840896,53.4375,110,6/22/2018 20:38:03,4616206
805150,51.5625,312,9/21/2018 20:58:29,4362247
488168,11.1796875,474,7/13/2018 16:33:11,4616299
58266,23.609375,427,3/2/2018 13:52:09,4616328
321556,32.3125,213,3/9/2018 08:23:04,4456506
868061,11.796875,594,7/23/2018 11:08:11,4616225
812626,45.375,94,12/22/2018 00:53:20,4616220
236506,44.71875,47,7/7/2018 05:13:03,4616205
396177,0.0,0,8/11/2018 07:43:09,4616228
736028,53.4375,113,12/20/2018 01:28:14,4616198
501525,0.0,0,5/14/2018 01:18:11,4616282
1066028,47.84375,89,1/28/2018 17:38:03,4616220
989772,46.59375,47,4/26/2018 01:11:04,4456483
613511,46.59375,219,1/16/2018 22:38:04,4616333
476706,29.203125,331,5/13/2018 09:48:03,4616340
275388,0.0,0,2/8/2018 02:53:04,4616218
1128483,55.3125,112,10/31/2018 00:18:15,4616203
1012580,0.0,0,4/26/2018 14:58:12,4616210
780454,49.09375,94,12/21/2018 05:03:23,4456497
953211,14.90625,368,7/25/2018 15:48:03,4329508
630281,50.34375,42,2/17/2018 04:32:03,4763655
1088250,54.0625,109,1/29/2018 07:18:11,4616206
180610,0.0,0,10/5/2018 19:13:30,4620315
454789,0.0,0,5/12/2018 20:01:14,4763650
50457,37.90625,288,3/2/2018 09:02:06,4362244
1027102,22.984375,112,4/26/2018 23:48:12,4616342
1127833,44.71875,124,6/30/2018 06:03:10,4616252
140219,0.0,0,4/4/2018 15:48:04,4456478
461744,50.9375,213,9/13/2018 00:28:14,4362244
1161183,52.8125,305,10/31/2018 20:30:35,4362247
470849,43.5,54,7/13/2018 05:53:07,4456450
1124359,12.421875,512,10/30/2018 21:43:17,4616324
382059,7.44921875,1227,2/10/2018 20:17:04,4616340
1077285,0.0,0,7/28/2018 20:33:17,4616298
593949,42.25,105,5/16/2018 08:44:12,4616250
567422,48.46875,409,4/15/2018 09:48:03,4620343
1116854,36.65625,145,3/29/2018 23:03:10,4616300
259478,59.65625,66,5/7/2018 19:08:03,4616209
711270,0.0,0,3/19/2018 09:58:07,4620314
506730,0.0,0,9/14/2018 04:13:28,4616325
355544,3.720703125,554,4/10/2018 01:48:04,4456450
92577,50.9375,45,2/3/2018 10:43:04,4763648
367343,46.59375,46,5/10/2018 14:03:04,4616219
275502,47.84375,150,3/8/2018 03:58:04,4456477
916720,60.28125,152,4/24/2018 05:04:04,4616355
418813,50.9375,163,3/11/2018 21:28:04,4616297
891027,50.9375,84,12/24/2018 01:38:14,4616309
727530,62.75,82,7/19/2018 20:18:03,4616202
892375,0.0,0,5/24/2018 03:03:03,4456502
1076813,42.875,100,8/28/2018 20:33:24,4616309
1093072,11.796875,449,6/29/2018 08:38:04,4616337
723177,54.0625,86,8/19/2018 17:53:05,4763651
800403,40.375,53,7/21/2018 17:23:03,4616204
315769,28.578125,186,10/9/2018 06:18:21,4456511
761545,34.15625,573,10/21/2018 12:58:18,4616346
206741,54.6875,138,4/6/2018 07:58:11,4616352
889459,47.84375,33,4/23/2018 12:29:03,4616194
1029502,46.59375,46,1/27/2018 18:08:04,4616219
285215,0.0,0,3/8/2018 09:58:10,4616196
768917,54.6875,107,6/21/2018 00:13:03,4616206
524260,47.84375,241,3/14/2018 14:33:10,4616320
348031,49.6875,43,2/9/2018 23:22:04,4616218
93649,0.0,0,8/3/2018 12:48:11,4616223
243899,47.84375,44,4/7/2018 06:23:03,4763655
145451,32.9375,133,1/4/2018 18:01:20,4616260
533831,19.265625,146,2/14/2018 17:12:10,4616200
303487,49.09375,109,12/8/2018 21:48:52,4616300
15990,0.0,0,2/1/2018 11:43:12,4616196
150257,32.3125,138,2/4/2018 22:02:04,4620330
343322,8.6875,744,4/9/2018 18:28:03,4456501
149194,42.875,159,1/4/2018 20:16:04,4456506
676776,18.640625,137,7/18/2018 13:03:10,4616342
683180,9.3203125,671,9/18/2018 17:23:33,4616324
92170,0.0,0,2/3/2018 10:28:12,4616210
1098846,0.0,0,6/29/2018 12:08:12,4616210
1042662,50.9375,83,5/27/2018 23:58:04,4616220
411476,52.8125,30,5/11/2018 17:23:03,4616194
194428,56.53125,82,3/6/2018 01:57:09,4616246
405261,36.03125,67,5/11/2018 13:33:04,4456452
457138,49.09375,109,7/12/2018 21:22:28,4616299
152802,33.5625,131,2/4/2018 23:42:03,4620330
307040,49.6875,149,10/9/2018 00:58:20,4616247
365532,57.78125,114,2/10/2018 10:07:03,4616193
21996,41.0,56,1/1/2018 13:37:15,4763650
375884,0.0,0,4/10/2018 14:08:03,4456478
184786,13.671875,468,7/5/2018 21:06:29,4616324
814866,46.59375,155,1/22/2018 03:32:09,4616225
472679,52.8125,71,1/13/2018 05:43:03,4616356
700719,0.0,0,1/19/2018 05:03:08,4620315
1041044,41.625,199,9/27/2018 22:48:22,4620310
374748,9.3203125,476,6/10/2018 18:33:04,4620330
241392,59.65625,47,2/7/2018 06:03:04,4616211
560378,53.4375,50,8/15/2018 13:13:09,4362314
881364,41.0,92,2/23/2018 14:37:09,4616356
313976,57.15625,46,12/9/2018 04:23:25,4616197
639335,50.9375,125,4/17/2018 05:13:01,4456500
758499,0.0,0,6/20/2018 17:48:09,4329472
200520,43.5,270,10/6/2018 07:03:25,4362252
83059,37.28125,289,12/3/2018 05:13:21,4616276
317226,11.796875,681,10/9/2018 07:13:22,4616228
123105,0.0,0,4/4/2018 05:28:06,4362250
850962,45.96875,46,1/23/2018 01:53:03,4763655
924088,0.0,0,9/24/2018 22:17:20,4763652
1059158,42.25,257,4/27/2018 19:13:11,4616350
558266,12.421875,342,3/15/2018 11:33:03,4616309
215435,23.609375,535,6/6/2018 16:03:11,4616318
430940,47.21875,99,10/12/2018 05:28:22,4763649
32725,54.6875,117,10/1/2018 23:18:23,4616312
424963,49.09375,196,4/11/2018 19:48:06,4362251
759015,34.78125,68,1/20/2018 17:04:04,4456450
315173,4.96875,1527,7/9/2018 05:48:04,4620315
121258,6.2109375,982,10/4/2018 06:03:27,4456502
699241,0.0,0,1/19/2018 03:53:03,4329472
122035,52.8125,96,7/4/2018 06:18:09,4616255
298128,32.3125,364,8/8/2018 19:13:18,4362252
443828,18.640625,417,5/12/2018 13:28:11,4616353
64972,55.3125,135,7/2/2018 19:09:03,4616247
1184229,42.25,185,7/31/2018 15:23:03,4616201
283284,0.0,0,8/8/2018 09:58:17,4456494
67615,0.0,0,12/2/2018 19:38:33,4616210
285186,27.953125,275,6/8/2018 11:07:03,4329483
265379,52.8125,313,2/7/2018 20:47:03,4362250
1104248,3.099609375,2456,9/29/2018 13:48:23,4620315
138782,46.59375,81,2/4/2018 15:03:03,4616356
542688,54.0625,102,12/15/2018 01:48:15,4616192
719322,31.0625,210,8/19/2018 15:33:02,4456502
653069,39.75,53,12/17/2018 22:13:22,4763657
1174620,0.0,0,8/31/2018 08:58:27,4329499
766646,46.59375,45,9/20/2018 20:58:30,4616219
858014,44.125,54,8/23/2018 05:13:19,4456450
1022163,59.03125,111,2/27/2018 04:52:03,4616193
332882,54.0625,72,1/9/2018 15:13:03,4616195
233799,58.40625,46,5/7/2018 03:18:06,4362314
903068,9.3203125,259,7/24/2018 08:48:04,4616267
83330,0.0,0,3/3/2018 05:22:04,4456478
464264,55.3125,124,5/13/2018 02:03:03,4456505
616285,19.875,272,2/16/2018 19:57:03,4329508
135410,45.375,102,10/4/2018 14:48:19,4763652
756451,18.640625,375,1/20/2018 15:28:10,4616232
604581,32.3125,73,2/16/2018 12:47:04,4456450
554809,53.4375,179,7/15/2018 09:43:05,4362251
791406,58.40625,48,4/21/2018 01:08:10,4616200
528078,39.125,56,5/14/2018 17:43:04,4456483
360234,10.5625,220,12/10/2018 09:43:22,4456452
281561,39.75,209,2/8/2018 06:42:03,4620310
388077,36.03125,121,12/11/2018 02:13:17,4620314
690883,50.9375,84,1/18/2018 22:43:04,4616226
731643,56.53125,56,4/19/2018 13:03:11,4616212
496744,54.6875,137,4/13/2018 15:08:03,4616215
58511,8.6875,839,2/2/2018 13:53:10,4616261
999502,58.40625,139,7/26/2018 20:33:20,4616228
203514,50.34375,85,1/6/2018 05:56:04,4616226
196204,49.6875,167,5/6/2018 04:08:03,4620310
269601,52.8125,101,5/8/2018 01:28:11,4616241
1027828,37.90625,217,7/27/2018 14:03:04,4616297
413546,13.671875,394,5/11/2018 18:43:04,4616337
622734,44.71875,182,2/16/2018 23:52:03,4456476
166340,36.65625,68,1/5/2018 06:57:11,4616305
812850,57.78125,77,6/22/2018 03:23:04,4616260
539537,60.28125,126,10/15/2018 00:33:20,4616352
683928,16.765625,177,12/18/2018 17:18:27,4456479
1069303,37.90625,103,10/29/2018 11:42:37,4616209
636743,51.5625,83,4/17/2018 03:43:04,4616220
1046940,57.15625,120,8/28/2018 02:03:13,4456506
1078036,18.015625,390,3/28/2018 23:09:04,4616339
469963,54.0625,142,5/13/2018 05:33:03,4329483
16482,54.6875,85,8/1/2018 13:08:10,4616246
1132311,34.15625,207,3/30/2018 08:38:10,4616235
244784,49.6875,93,7/7/2018 10:23:03,4456496
748962,51.5625,41,2/20/2018 05:17:10,4616204
616231,41.625,55,8/16/2018 23:43:17,4763650
393299,27.953125,343,10/11/2018 06:18:22,4616340
809116,45.375,94,2/21/2018 18:22:04,4616220
60047,42.25,274,4/2/2018 15:23:10,4616320
312531,45.96875,235,9/9/2018 04:08:17,4616276
777797,53.4375,47,12/21/2018 03:23:17,4616253
671719,42.25,171,10/19/2018 05:23:24,4456477
160856,51.5625,49,3/5/2018 05:12:03,4616305
91889,29.8125,168,10/3/2018 11:53:23,4329507
1145924,26.703125,277,3/30/2018 17:03:10,4616261
326738,29.8125,228,7/9/2018 12:53:04,4616272
1031831,52.8125,84,4/27/2018 02:38:10,4616260
454452,0.0,0,6/12/2018 21:33:12,4616216
1012841,0.0,0,5/27/2018 05:23:03,4329473
521017,39.75,107,1/14/2018 12:02:02,4620331
1070699,11.796875,228,10/29/2018 12:33:25,4362314
123231,8.0703125,310,6/4/2018 06:58:03,4456498
1021636,21.734375,360,7/27/2018 10:13:12,4616353
1163636,45.375,48,4/30/2018 10:23:04,4456483
768472,0.0,0,2/20/2018 17:23:03,4616266
716945,56.53125,284,4/19/2018 04:13:06,4362247
565177,20.5,126,5/15/2018 16:43:03,4616342
325109,50.34375,92,1/9/2018 10:22:02,4763651
611635,54.0625,72,6/16/2018 22:52:05,4616195
608862,51.5625,121,9/16/2018 19:28:24,4616203
284289,24.234375,301,9/8/2018 10:37:34,4616225
236088,5.58984375,1436,1/7/2018 02:02:04,4456476
709190,11.1796875,561,7/19/2018 09:03:02,4456502
9241,55.3125,46,9/1/2018 08:38:25,4616253
660543,37.90625,64,12/18/2018 02:48:14,4456452
932028,47.84375,44,4/24/2018 14:14:03,4616218
215829,51.5625,179,8/6/2018 16:18:03,4616354
416446,50.9375,91,5/11/2018 20:28:03,4763652
1068628,47.84375,93,9/28/2018 15:48:28,4616250
604022,12.421875,864,10/16/2018 16:28:24,4616276
595036,0.0,0,9/16/2018 10:53:19,4329472
1101488,30.4375,356,1/29/2018 15:28:03,4616276
499453,61.5,132,9/13/2018 23:43:21,4616228
549545,61.5,81,9/15/2018 06:48:26,4362342
270573,47.84375,155,12/8/2018 01:33:19,4616261
80817,51.5625,45,8/3/2018 04:53:16,4763650
282785,49.09375,87,2/8/2018 07:27:03,4620331
450402,52.8125,218,3/12/2018 16:58:09,4616320
970400,0.0,0,6/26/2018 04:43:04,4456478
816940,54.0625,169,12/22/2018 03:33:21,4616355
592547,10.5625,809,8/16/2018 09:03:20,4616259
634364,57.15625,131,4/17/2018 02:18:09,4616247
160341,57.15625,28,8/4/2018 03:38:06,4616194
722806,41.625,154,9/19/2018 17:48:22,4456500
4488,0.0,0,1/1/2018 02:47:15,4620331
36163,9.3203125,657,6/2/2018 01:13:10,4616324
1197076,50.9375,91,8/31/2018 23:18:20,4763652
164839,40.375,39,10/5/2018 08:58:23,4616194
308465,0.0,0,6/9/2018 01:38:08,4329473
985805,39.75,59,6/26/2018 14:13:04,4456450
951476,4.96875,650,10/26/2018 10:43:37,4616338
809086,60.875,85,8/21/2018 22:52:23,4616202
768955,57.78125,105,6/21/2018 00:13:03,4616198
37872,46.59375,177,10/2/2018 02:28:17,4620310
448250,48.46875,51,7/12/2018 15:58:03,4616305
882342,22.984375,300,9/23/2018 20:28:38,4616272
557379,0.0,0,9/15/2018 11:38:35,4616210
420873,32.3125,388,3/11/2018 22:43:10,4616318
257042,56.53125,111,4/7/2018 14:18:03,4616203
737174,62.75,146,12/20/2018 02:13:16,4616354
1144978,9.9375,692,8/30/2018 14:43:21,4616232
674779,41.0,202,7/18/2018 11:47:03,4616297
1143047,45.96875,140,4/29/2018 21:52:03,4456500
1061558,0.0,0,9/28/2018 11:27:35,4616325
102470,13.671875,531,9/3/2018 18:13:25,4616225
139000,50.34375,85,5/4/2018 16:48:03,4616226
750732,46.59375,118,2/20/2018 06:22:10,4616239
1013505,10.5625,422,3/27/2018 07:18:03,4456496
750628,42.875,293,4/20/2018 00:33:10,4616318
899867,30.4375,86,2/24/2018 01:57:03,4616341
242018,31.0625,235,2/7/2018 06:27:03,4620298
487997,13.671875,467,2/13/2018 13:12:02,4456502
461684,50.34375,107,9/13/2018 00:23:21,4616241
175288,42.875,150,5/5/2018 15:13:03,4616312
234580,16.765625,250,6/7/2018 03:58:03,4620332
1102915,0.0,0,7/29/2018 12:58:03,4616220
107676,20.5,127,8/3/2018 21:28:30,4616341
886511,0.0,0,4/27/2017 14:07:03,4616257
722595,0.0,0,6/19/2018 19:33:11,4616217
18156,37.90625,146,3/1/2018 13:07:03,4329473
533286,22.359375,308,2/14/2018 16:52:03,4616272
194385,34.78125,68,9/6/2018 02:58:16,4456452
810634,52.8125,306,12/21/2018 23:38:21,4362247
512870,53.4375,129,4/13/2018 12:08:03,4456505
81688,58.40625,79,5/3/2018 05:23:10,4616246
592777,50.9375,90,5/16/2018 08:44:03,4763649
914760,37.90625,237,12/24/2018 16:18:21,4616298
911694,0.0,0,3/24/2018 13:42:08,4620315
66527,32.9375,119,1/2/2018 17:07:11,4362249
380299,19.265625,330,5/10/2018 22:08:03,4456501
1135030,19.265625,203,7/30/2018 08:48:06,4616195
760989,36.65625,58,1/20/2018 18:13:10,4616205
251960,4.33984375,1758,10/7/2018 14:53:19,4620315
712913,0.0,0,8/19/2018 11:27:13,4616210
166777,39.75,107,5/5/2018 09:58:03,4616309
73842,0.0,0,3/2/2018 23:27:04,4616346
112468,9.9375,608,6/4/2018 00:18:08,4616324
844804,55.3125,106,9/22/2018 21:18:46,4616206
263213,29.203125,243,6/7/2018 21:38:11,4616235
260756,12.421875,554,10/7/2018 20:18:27,4616329
342599,50.9375,41,2/9/2018 20:02:10,4616218
56456,36.03125,137,6/2/2018 13:43:03,4329507
2712,38.53125,115,6/1/2018 04:33:03,4620330
910725,38.53125,177,7/24/2018 13:33:03,4456505
887466,36.03125,264,2/23/2018 18:22:05,4362251
547328,49.09375,87,7/15/2018 05:08:16,4620331
373035,43.5,58,9/10/2018 17:33:18,4616305
839798,0.0,0,4/22/2018 06:23:10,4616217
767772,22.359375,192,10/21/2018 16:53:21,4616309
997794,19.265625,115,3/26/2018 21:38:04,4616323
1015470,8.0703125,739,10/28/2018 02:18:29,4616203
718485,15.53125,255,12/19/2018 14:43:23,4616229
821448,57.15625,87,10/23/2018 02:18:17,4362342
894572,49.09375,146,12/24/2018 03:48:18,4616235
244822,48.46875,77,6/7/2018 10:18:04,4616356
112024,0.0,0,5/4/2018 00:08:10,4616210
895353,56.53125,131,6/24/2018 06:18:04,4616247
403384,37.28125,174,8/11/2018 12:18:03,4456501
118153,45.96875,56,5/4/2018 03:58:10,4616342
954656,18.640625,367,7/25/2018 16:43:03,4616329
460778,36.03125,196,1/12/2018 22:23:10,4616232
141895,54.6875,302,6/4/2018 18:33:03,4362250
704788,44.125,232,9/19/2018 06:43:35,4616333
972014,55.90625,82,7/26/2018 03:28:12,4616246
771078,59.65625,66,3/20/2018 22:53:04,4616195
474585,40.375,114,3/13/2018 07:53:03,4456497
470247,58.40625,129,2/13/2018 02:17:04,4616352
101524,52.8125,88,1/3/2018 14:50:20,4763656
477945,8.0703125,1448,2/13/2018 07:02:11,4616357
873453,37.90625,114,4/23/2018 02:43:03,4620314
72933,0.0,0,4/2/2018 23:08:10,4616210
558678,60.28125,53,6/15/2018 14:33:03,4616212
442372,16.15625,308,1/12/2018 10:57:03,4329507
668801,30.4375,165,4/17/2018 23:07:03,4329507
1119622,0.0,0,9/29/2018 23:18:23,4616341
74443,28.578125,579,2/2/2018 23:37:19,4362250
84353,43.5,60,6/3/2018 06:58:10,4616342
377977,52.1875,82,7/10/2018 20:33:12,4616226
420072,8.0703125,516,4/11/2018 16:54:04,4616309
1089003,55.90625,99,9/29/2018 04:23:20,4616192
539190,0.0,0,8/15/2018 00:08:13,4616217
15880,45.96875,93,9/1/2018 12:43:19,4616220
715422,32.3125,199,8/19/2018 13:08:03,4456501
365310,7.44921875,723,1/10/2018 11:22:03,4616337
115387,11.1796875,207,5/4/2018 02:13:03,4456450
621975,15.53125,142,4/16/2018 18:49:04,4616323
404191,60.28125,131,1/11/2018 11:18:03,4616213
927358,24.84375,260,12/25/2018 00:13:12,4456502
909005,0.0,0,4/27/2017 14:07:03,4616271
937495,11.796875,469,2/25/2018 00:57:02,4456494
825163,30.4375,100,3/22/2018 08:18:04,4456479
137415,44.125,267,6/4/2018 15:48:06,4362252
733272,56.53125,291,5/20/2018 00:38:03,4362250
331466,47.21875,79,1/9/2018 14:22:03,4616356
161693,37.28125,143,3/5/2018 05:47:03,4456510
555122,45.375,195,1/15/2018 09:03:03,4616298
30374,48.46875,110,9/1/2018 21:38:31,4616241
728621,12.421875,508,12/19/2018 20:58:26,4456502
1047776,50.9375,80,3/28/2018 04:28:10,4616229
1013228,13.671875,394,6/27/2018 07:13:03,4329472
802542,50.34375,106,2/21/2018 11:08:10,4616299
1086809,53.4375,41,7/29/2018 02:28:05,4456483
103495,56.53125,50,2/3/2018 17:23:03,4616211
125644,0.0,0,1/4/2018 05:46:10,4616282
546807,41.625,173,5/15/2018 05:18:03,4616339
176094,14.2890625,222,6/5/2018 15:58:04,4616338
1028793,9.9375,399,9/27/2018 15:08:30,4616223
348322,0.0,0,5/10/2018 02:23:04,4456478
426350,52.1875,48,7/12/2018 02:28:04,4616305
493247,54.6875,127,12/13/2018 19:13:35,4616199
3177,42.875,50,1/1/2018 01:57:12,4763657
409303,45.96875,92,6/11/2018 15:53:03,4616220
119444,44.125,163,7/4/2018 05:23:04,4616339
554930,0.0,0,7/15/2018 09:48:03,4616319
930462,49.6875,220,10/25/2018 21:48:34,4616350
891181,13.0390625,597,12/24/2018 02:13:20,4616353
294427,50.9375,91,8/8/2018 16:53:02,4763656
255606,34.78125,184,7/7/2018 17:03:03,4456502
1015633,54.6875,85,10/28/2018 02:23:14,4763651
76405,56.53125,82,9/3/2018 02:08:13,4763651
24765,37.28125,38,2/1/2018 17:03:03,4616208
463694,0.0,0,3/13/2018 01:08:04,4329507
341401,49.09375,109,2/9/2018 19:17:11,4616241
952170,36.65625,151,8/25/2018 15:28:11,4616239
1041271,52.1875,133,4/27/2018 08:18:11,4616199
118614,50.9375,84,6/4/2018 04:08:03,4620331
329041,62.125,51,12/9/2018 13:38:20,4616212
459572,38.53125,192,7/12/2018 22:57:26,4616247
448360,19.265625,338,4/12/2018 09:58:03,4456501
675166,0.0,0,9/18/2018 12:28:20,4456496
730287,6.828125,916,7/19/2018 22:03:04,4456501
910952,26.09375,213,8/24/2018 13:58:04,4329473
272919,58.40625,276,3/8/2018 02:23:05,4362247
297754,53.4375,53,4/8/2018 14:54:03,4616211
124881,62.75,111,1/4/2018 05:16:03,4616199
967736,57.15625,138,4/25/2018 11:47:03,4616213
492642,38.53125,166,10/13/2018 19:33:43,4456500
22446,54.0625,112,3/1/2018 15:42:10,4616198
857982,22.359375,452,4/22/2018 17:23:10,4616328
349352,45.96875,46,6/10/2018 02:53:03,4763657
697974,45.375,436,1/19/2018 03:03:03,4620343
115501,0.0,0,5/4/2018 02:18:03,4620315
707649,42.875,99,4/18/2018 22:39:04,4616310
643582,56.53125,88,2/17/2018 12:37:03,4616214
961663,47.84375,241,6/25/2018 23:18:10,4616320
1104904,24.234375,296,8/29/2018 13:58:26,4616235
245145,31.6875,345,6/7/2018 10:28:10,4616350
952789,49.09375,120,1/25/2018 16:53:03,4616206
1032397,53.4375,146,1/27/2018 20:23:04,4616213
1076653,48.46875,171,9/28/2018 20:48:27,4616297
101130,47.84375,97,4/3/2018 16:08:02,4763649
207334,19.265625,138,9/6/2018 10:57:19,4616197
191730,46.59375,87,4/5/2018 22:53:10,4616223
392793,15.53125,404,4/11/2018 00:24:04,4616324
786304,0.0,0,1/21/2018 09:48:03,4616266
44345,22.359375,101,2/2/2018 05:08:03,4616323
784613,41.625,51,2/21/2018 03:17:09,4616218
15448,21.734375,187,9/1/2018 12:28:32,4616229
301512,53.4375,86,6/8/2018 21:13:03,4763656
379801,24.234375,283,10/10/2018 21:58:23,4616329
1075556,55.90625,98,4/28/2018 05:08:10,4616239
234797,47.21875,152,3/7/2018 02:53:09,4616232
501527,55.3125,198,2/13/2018 21:27:04,4616351
254921,54.6875,101,1/7/2018 13:42:10,4616252
581541,20.5,126,4/15/2018 18:23:10,4616341
455707,44.71875,48,12/12/2018 20:03:39,4763657
121191,56.53125,139,7/4/2018 05:48:10,4616353
423065,39.75,139,6/12/2018 00:23:04,4329472
1037689,41.625,111,10/28/2018 16:08:18,4456497
621243,51.5625,27,5/17/2018 03:23:03,4616208
1022738,13.0390625,482,4/26/2018 21:08:03,4616324
760410,39.125,54,12/20/2018 16:38:23,4763655
967600,20.5,494,9/26/2018 01:18:21,4616328
193427,49.6875,151,9/6/2018 02:23:15,4456481
36708,54.0625,53,12/2/2018 00:33:17,4616211
322972,46.59375,234,1/9/2018 09:06:06,4362244
1142421,23.609375,529,9/30/2018 13:23:19,4616318
465117,17.390625,323,5/13/2018 02:33:03,4456494
1108419,13.0390625,249,8/29/2018 16:08:14,4616325
392576,44.125,188,1/11/2018 04:08:03,4616196
866359,36.65625,178,4/22/2018 22:28:03,4456502
341539,49.6875,32,3/9/2018 20:43:04,4616194
153826,8.6875,357,4/4/2018 23:58:04,4616338
349,53.4375,156,3/1/2018 02:07:03,4616297
521673,3.099609375,1483,8/14/2018 13:18:14,4616202
1123878,56.53125,88,7/30/2018 01:53:03,4616214
937841,63.375,78,12/25/2018 06:38:17,4616214
724531,0.0,0,8/19/2018 18:43:21,4616210
851422,46.59375,161,7/23/2018 00:53:03,4456481
856668,0.0,0,6/23/2018 06:23:12,4616195
261026,45.96875,256,1/7/2018 17:27:05,4362252
501456,32.3125,316,6/14/2018 02:38:10,4616328
396584,54.0625,143,4/11/2018 02:38:03,4329483
492706,0.0,0,3/13/2018 19:08:03,4616266
304083,41.625,51,6/8/2018 22:47:04,4616204
675961,0.0,0,4/18/2018 03:28:09,4616196
106468,56.53125,69,2/3/2018 19:13:04,4616195
605870,28.578125,336,6/16/2018 19:23:04,4616340
506800,58.40625,128,8/14/2018 04:13:26,4616261
676769,61.5,99,2/18/2018 08:57:09,4616198
533561,0.0,0,7/14/2018 20:38:18,4616229
518549,17.390625,405,4/13/2018 12:08:03,4456477
20813,32.3125,197,10/1/2018 15:43:19,4456500
314787,63.375,120,7/9/2018 05:33:11,4616352
801940,65.25,79,8/21/2018 18:28:19,4616202
310891,59.65625,84,8/9/2018 03:03:13,4616214
749612,50.34375,105,6/20/2018 12:18:11,4616300
349081,0.0,0,1/10/2018 01:17:06,4329499
445055,0.0,0,8/12/2018 14:03:10,4616196
725886,53.4375,117,9/19/2018 19:43:29,4616203
743050,55.90625,134,3/20/2018 05:38:10,4616261
413646,37.28125,57,12/11/2018 17:58:24,4616204
455415,37.90625,286,10/12/2018 20:38:28,4362244
210855,8.0703125,507,6/6/2018 13:05:03,4620314
834899,28.578125,288,7/22/2018 14:43:03,4620310
586829,31.0625,295,10/16/2018 05:43:44,4616354
1157634,32.9375,72,8/30/2018 23:13:20,4456450
301135,34.78125,127,4/8/2018 16:58:11,4616260
463722,6.828125,476,12/13/2018 00:58:20,4616338
1176522,41.625,55,4/30/2018 18:08:02,4763650
178192,23.609375,223,3/5/2018 16:07:02,4456511
663424,46.59375,177,7/18/2018 04:48:03,4620310
612383,24.84375,287,6/16/2018 23:23:04,4616339
15130,47.21875,60,8/1/2018 12:13:04,4616200
1131393,55.90625,25,9/30/2018 06:33:20,4616208
565092,0.0,0,4/15/2018 08:29:03,4616305
703219,54.0625,128,8/19/2018 05:28:14,4616272
846033,59.65625,66,4/22/2018 10:08:04,4616195
57054,0.0,0,1/2/2018 11:17:28,4616196
591544,0.0,0,1/16/2018 09:02:11,4616216
276931,39.125,199,6/8/2018 06:18:12,4616353
659226,44.71875,159,5/18/2018 02:58:10,4616235
628593,6.2109375,708,9/17/2018 07:53:35,4616260
880417,34.15625,189,4/23/2018 06:58:03,4456502
1130667,9.9375,1229,1/30/2018 09:33:04,4616357
679066,62.75,80,4/18/2018 05:19:03,4616214
362403,6.2109375,668,1/10/2018 09:32:03,4620331
1031209,0.0,0,3/27/2018 18:13:08,4620310
310315,46.59375,269,12/9/2018 02:08:24,4616319
549421,53.4375,147,6/15/2018 08:23:03,4616201
901500,56.53125,69,8/24/2018 08:08:19,4616209
649958,16.765625,331,7/17/2018 20:28:11,4329508
829026,34.15625,71,3/22/2018 10:38:04,4456452
1090984,11.1796875,469,10/30/2018 01:08:20,4616337
668866,45.96875,54,7/18/2018 08:08:05,4616305
319373,62.125,80,12/9/2018 07:42:21,4362342
536012,14.2890625,290,12/14/2018 21:38:34,4616226
182802,16.15625,403,5/5/2018 19:53:04,4456501
80529,39.125,281,5/3/2018 04:38:10,4616350
607871,55.90625,108,6/16/2018 20:33:04,4616198
168950,16.15625,152,9/5/2018 11:18:19,4616267
635748,57.15625,115,2/17/2018 07:52:04,4616193
31952,0.0,0,3/1/2018 21:37:11,4616319
333600,0.0,0,3/9/2018 15:48:03,4620343
146243,54.6875,137,10/4/2018 21:28:27,4616215
188246,20.5,260,8/4/2018 03:38:06,4616337
626837,55.90625,134,2/17/2018 02:27:09,4616247
104723,41.625,120,12/3/2018 18:38:28,4616364
398816,27.34375,87,3/11/2018 09:03:04,4456452
243407,57.78125,120,12/7/2018 08:43:25,4616199
547926,0.0,0,7/15/2018 05:28:04,4616319
50398,54.6875,201,2/2/2018 08:48:04,4616350
386741,39.75,316,3/11/2018 00:38:10,4616318
634843,53.4375,141,12/17/2018 10:58:34,4616352
84372,34.15625,577,7/3/2018 07:03:04,4616346
136945,31.6875,398,7/4/2018 15:33:09,4616319
372665,37.90625,252,12/10/2018 16:43:27,4362251
810183,54.6875,151,5/22/2018 00:18:03,4616297
14131,49.6875,145,9/1/2018 11:38:23,4456477
1023309,57.15625,68,5/27/2018 11:47:03,4616209
373720,7.44921875,569,9/10/2018 17:58:23,4616309
135119,17.390625,246,4/4/2018 12:43:03,4616309
727005,36.65625,164,10/20/2018 15:38:35,4616198
474619,57.15625,205,5/13/2018 08:28:04,4362252
842224,0.0,0,8/22/2018 19:28:29,4616353
628618,54.6875,110,9/17/2018 08:08:21,4616198
480631,35.40625,559,8/13/2018 11:57:06,4616346
40170,49.6875,145,7/2/2018 03:43:04,4456477
870295,0.0,0,9/23/2018 13:03:25,4616210
888747,4.33984375,462,10/24/2018 19:53:36,4616323
855872,0.0,0,9/23/2018 04:08:22,4616216
97249,52.1875,145,1/3/2018 12:05:20,4616352
871311,47.21875,99,7/23/2018 13:08:03,4763652
802969,42.25,143,10/22/2018 14:53:36,4616198
618202,54.6875,85,6/17/2018 02:58:03,4456497
1001324,47.84375,133,9/26/2018 22:12:23,4616312
113370,28.578125,82,8/4/2018 00:58:04,4456450
325365,26.703125,151,3/9/2018 10:48:10,4616229
1003418,0.0,0,3/27/2018 01:03:03,4763657
986454,32.3125,75,10/27/2018 08:23:40,4456452
157735,54.0625,233,9/5/2018 04:23:19,4616319
282147,48.46875,110,10/8/2018 09:28:36,4616241
827814,53.4375,99,8/22/2018 10:33:24,4616300
429112,53.4375,86,4/11/2018 22:18:03,4763649
999740,52.8125,50,2/26/2018 15:07:03,4616197
118662,31.0625,172,6/4/2018 04:08:03,4456510
943440,22.359375,370,5/25/2018 10:33:03,4620310
906658,56.53125,117,12/24/2018 11:11:22,4616193
55245,52.1875,123,12/2/2018 12:02:28,4616312
141230,0.0,0,8/4/2018 03:38:13,4616339
620903,10.5625,605,6/17/2018 04:38:10,4616324
924186,62.75,111,9/24/2018 22:22:22,4616199
757284,24.234375,124,10/21/2018 10:23:21,4456479
391277,55.3125,150,12/11/2018 04:13:20,4620315
255039,35.40625,106,3/7/2018 15:23:09,4616356
1094897,26.09375,300,6/29/2018 09:43:11,4616353
719071,14.2890625,281,5/19/2018 15:36:09,4616223
761058,19.265625,626,10/21/2018 12:43:29,4616357
378709,47.84375,52,7/10/2018 21:03:19,4616305
481163,24.84375,284,5/13/2018 12:43:10,4616232
523482,8.0703125,596,6/14/2018 16:23:11,4616255
341073,41.0,92,2/9/2018 19:52:11,4616356
942638,29.203125,146,9/25/2018 09:53:22,4616309
963103,52.1875,143,8/25/2018 22:17:27,4616247
418383,42.25,130,5/11/2018 21:38:11,4616239
998393,32.9375,291,3/26/2018 21:58:03,4616340
742770,14.90625,352,12/20/2018 05:43:33,4616337
1150100,42.25,257,3/30/2018 19:38:10,4616351
683106,53.4375,128,2/18/2018 12:57:03,4456506
365158,55.90625,122,2/10/2018 09:52:03,4456505
600711,24.234375,162,3/16/2018 13:43:03,4616209
746019,44.71875,152,2/20/2018 03:32:04,4616329
1159333,1.8603515625,1126,3/31/2018 01:28:09,4616341
342714,31.6875,158,10/9/2018 22:58:28,4329507
680130,49.09375,95,6/18/2018 17:13:03,4763649
360755,42.25,105,2/10/2018 07:12:03,4620330
1128127,58.40625,43,8/30/2018 04:33:18,4616253
932373,0.0,0,8/25/2018 03:13:21,4616328
456296,14.2890625,220,5/12/2018 21:08:04,4616338
1064258,22.984375,309,9/28/2018 13:08:30,4616232
749475,49.09375,94,6/20/2018 12:13:03,4763652
20908,45.96875,238,2/1/2018 14:42:05,4362244
